BIZ_UNIT,PD_S_C,PD_S_NM,PD_M_NM,PD_H_NM
A04,341,단행본서적(직배),특수점서적,서적/음반
A04,1,삼각김밥,삼각김밥,미반
A04,2,The커진삼각김밥,삼각김밥,미반
A04,3,말이김밥,김밥,미반
A04,4,트레이김밥,김밥,미반
A04,5,초밥,김밥,미반
A04,6,도시락,도시락,미반
A04,7,미니도시락,도시락,미반
A04,8,기타,도시락,미반
A04,9,국/찌개도시락,도시락,미반
A04,10,떠먹는주먹밥,용기형주먹밥,미반
A04,11,동그란주먹밥,동그란주먹밥/사각주먹밥,미반
A04,12,사각주먹밥,동그란주먹밥/사각주먹밥,미반
A04,13,안주/간식류,안주/간식류,미반
A04,14,조리면,조리면,미반
A04,15,삼각샌드,샌드위치,조리빵
A04,16,토스트샌드,샌드위치,조리빵
A04,17,햄버거,햄버거,조리빵
A04,18,잉글리쉬머핀,머핀/베이글,조리빵
A04,19,베이글,머핀/베이글,조리빵
A04,20,롤샌드,롤샌드/핫도그,조리빵
A04,21,핫도그,롤샌드/핫도그,조리빵
A04,22,조리샐러드,샐러드,간식
A04,23,조리면,조리면,간식
A04,24,냉장피자,냉장피자,간식
A04,25,기타,기타,간식
A04,26,일반케익,케익,디저트
A04,27,조각케익,케익,디저트
A04,28,프리미엄케익,케익,디저트
A04,29,떡,떡,디저트
A04,30,선물세트,떡,디저트
A04,31,직납떡,떡,디저트
A04,32,떠먹는젤리,젤리,디저트
A04,33,푸딩,젤리,디저트
A04,34,마시는젤리,젤리,디저트
A04,35,아이스커피,파우치음료,즉석 식품
A04,36,아이스티,파우치음료,즉석 식품
A04,37,걸프,즉석음료,즉석 식품
A04,38,스무디아,즉석음료,즉석 식품
A04,39,아이스음료,즉석음료,즉석 식품
A04,40,꼬치 타입,오뎅,즉석 식품
A04,41,델리만쥬,즉석조리,즉석 식품
A04,42,치킨,즉석조리,즉석 식품
A04,43,기타,즉석조리,즉석 식품
A04,44,즉석라면,즉석조리,즉석 식품
A04,45,치킨(컨셉점포),Hot Food,즉석 식품
A04,46,Hot Snack,Hot Food,즉석 식품
A04,47,컵얼음,얼음,즉석 식품
A04,48,봉지얼음,얼음,즉석 식품
A04,49,대용량얼음,얼음,즉석 식품
A04,50,흰우유(소）,흰우유,유음료
A04,51,흰우유(중),흰우유,유음료
A04,52,흰우유(대),흰우유,유음료
A04,53,기능성우유(소),기능성우유,유음료
A04,54,기능성우유(중),기능성우유,유음료
A04,55,기능성우유(대),기능성우유,유음료
A04,56,컵커피우유,가공우유,유음료
A04,57,커피우유,가공우유,유음료
A04,58,바나나우유,가공우유,유음료
A04,59,딸기우유,가공우유,유음료
A04,60,초코우유,가공우유,유음료
A04,61,기타,가공우유,유음료
A04,62,드링킹요구르트,요구르트,유음료
A04,63,기능성요구르트,요구르트,유음료
A04,64,떠먹는요구르트,요구르트,유음료
A04,65,프리미엄요구르트,요구르트,유음료
A04,66,병두유,두유,유음료
A04,67,팩두유,두유,유음료
A04,68,두유선물세트,두유,유음료
A04,69,냉장주스(소),냉장주스,유음료
A04,70,냉장주스(중),냉장주스,유음료
A04,71,냉장주스(대),냉장주스,유음료
A04,72,유산균음료,냉장주스,유음료
A04,73,버터,유제품,유음료
A04,74,치즈,유제품,유음료
A04,75,소시지,육가공,냉장
A04,76,햄,육가공,냉장
A04,77,소형바,육가공,냉장
A04,78,치킨,육가공,냉장
A04,79,족발,육가공,냉장
A04,80,기타,육가공,냉장
A04,81,김치,반찬,냉장
A04,82,맛살,반찬,냉장
A04,83,젓갈,반찬,냉장
A04,84,어묵,반찬,냉장
A04,85,조림반찬,반찬,냉장
A04,86,기타,반찬,냉장
A04,87,냉장면,냉장식품,냉장
A04,88,냉장죽,냉장식품,냉장
A04,89,삶은계란,냉장식품,냉장
A04,90,기타,냉장식품,냉장
A04,91,가정간편식,냉장식품,냉장
A04,92,일반란,(구)1차식품,냉장
A04,93,과일,(구)과일야채,냉장
A04,94,천연발효빵,간식빵,빵
A04,95,페스트리,간식빵,빵
A04,96,샌드빵,간식빵,빵
A04,97,캐릭터빵,간식빵,빵
A04,98,과자빵,간식빵,빵
A04,99,조리빵,간식빵,빵
A04,100,도너츠,간식빵,빵
A04,101,간식용케익,간식빵,빵
A04,102,식빵,식빵,빵
A04,103,호빵,호빵,빵
A04,104,만두,호빵,빵
A04,105,구운과자,화과자,빵
A04,106,케익,케익,빵
A04,107,기타,케익,빵
A04,108,후레쉬빵,프리미엄,빵
A04,109,베이커리,프리미엄,빵
A04,110,두부,1차식품,신선
A04,111,콩나물,1차식품,신선
A04,112,일반란,1차식품,신선
A04,113,과일,과일야채,신선
A04,114,야채,과일야채,신선
A04,115,선물세트,과일야채,신선
A04,116,견과류,과일야채,신선
A04,117,10kg미만,곡물,신선
A04,118,10kg이상,곡물,신선
A04,119,축산,수축산,신선
A04,120,HOT,편의점카페,원두커피
A04,121,ICE,편의점카페,원두커피
A04,122,HOT,신컨셉,원두커피
A04,123,HOT,기타,원두커피
A04,124,크래커,비스킷류,과자
A04,125,쿠키,비스킷류,과자
A04,126,파이,비스킷류,과자
A04,127,스틱과자,비스킷류,과자
A04,128,기타,비스킷류,과자
A04,129,알뜰절약상품,비스킷류,과자
A04,130,행사상품,비스킷류,과자
A04,131,감자스낵,스낵류,과자
A04,132,일반스낵,스낵류,과자
A04,133,옥수수스낵,스낵류,과자
A04,134,전통스낵,스낵류,과자
A04,135,기타(수입과자),스낵류,과자
A04,136,알뜰절약상품,스낵류,과자
A04,137,기능성캔디,캔디류,과자
A04,138,과일향캔디,캔디류,과자
A04,139,봉지캔디,캔디류,과자
A04,140,카라멜/젤리,캔디류,과자
A04,141,토이캔디,캔디류,과자
A04,142,행사상품,캔디류,과자
A04,143,타블렛캔디,캔디류,과자
A04,144,판쵸코렛,쵸코렛,과자
A04,145,바쵸코렛,쵸코렛,과자
A04,146,봉지쵸코렛,쵸코렛,과자
A04,147,볼쵸코렛,쵸코렛,과자
A04,148,행사상품,쵸코렛,과자
A04,149,어린이초코렛,쵸코렛,과자
A04,150,스틱껌,껌,과자
A04,151,케이스껌,껌,과자
A04,152,용기껌,껌,과자
A04,153,풍선껌,껌,과자
A04,154,어린이껌,껌,과자
A04,155,영양바,간편영양식품,과자
A04,156,영양식품(비타민),간편영양식품,과자
A04,157,씨리얼,간편영양식품,과자
A04,158,환자식,간편영양식품,과자
A04,159,믹스커피,커피,커피/차
A04,160,원두커피,커피,커피/차
A04,161,커피분말/커피크림,커피,커피/차
A04,162,코코아,커피,커피/차
A04,163,믹스커피,원컵,커피/차
A04,164,원두커피,원컵,커피/차
A04,165,코코아,원컵,커피/차
A04,166,국산차,원컵,커피/차
A04,167,국산차,차,커피/차
A04,168,녹차류,차,커피/차
A04,169,곡물차,차,커피/차
A04,170,홍차류,차,커피/차
A04,171,기타차,차,커피/차
A04,172,쨈,쨈/꿀,커피/차
A04,173,꿀,쨈/꿀,커피/차
A04,174,일반선물세트,선물세트,커피/차
A04,175,택배선물세트,선물세트,커피/차
A04,176,음료,건강기능식품,커피/차
A04,177,정제형,건강기능식품,커피/차
A04,178,기타,건강기능식품,커피/차
A04,179,라면,봉지면,면
A04,180,비빔면,봉지면,면
A04,181,우동,봉지면,면
A04,182,라면(대형컵),용기면,면
A04,183,라면(소형컵),용기면,면
A04,184,비빔면,용기면,면
A04,185,우동,용기면,면
A04,186,기타,기타,면
A04,187,즉석밥,가공미반류,가공식품
A04,188,즉석덮밥,가공미반류,가공식품
A04,189,죽,가공미반류,가공식품
A04,190,즉석컵밥,가공미반류,가공식품
A04,191,덮밥 소스류,레토르트,가공식품
A04,192,레토르트 간식,레토르트,가공식품
A04,193,레토르트 면,레토르트,가공식품
A04,194,기타,레토르트,가공식품
A04,195,국,국／스프,가공식품
A04,196,스프,국／스프,가공식품
A04,197,참치캔,캔,가공식품
A04,198,수산캔,캔,가공식품
A04,199,농산캔,캔,가공식품
A04,200,육가공캔,캔,가공식품
A04,201,기타캔,캔,가공식품
A04,202,면,가공면류,가공식품
A04,203,기타,기타,가공식품
A04,204,선물세트,선물세트,가공식품
A04,205,해산건물,건해산물,조미료/건물
A04,206,간장,장류,조미료/건물
A04,207,장,장류,조미료/건물
A04,208,홍초,소스류,조미료/건물
A04,209,식초,소스류,조미료/건물
A04,210,소스,소스류,조미료/건물
A04,211,참기름,식용유지,조미료/건물
A04,212,식용유,식용유지,조미료/건물
A04,213,미원,조미료,조미료/건물
A04,214,소금,조미료,조미료/건물
A04,215,설탕,조미료,조미료/건물
A04,216,밀가루,분말가루,조미료/건물
A04,217,조미세트,선물세트,조미료/건물
A04,218,건물세트,선물세트,조미료/건물
A04,219,오징어(소),오징어,안주
A04,220,오징어(중),오징어,안주
A04,221,대용량,오징어,안주
A04,224,쥐포,생선류,안주
A04,225,어육,생선류,안주
A04,226,대용량,생선류,안주
A04,227,기타생선,생선류,안주
A04,228,육포,육포,안주
A04,229,대용량,육포,안주
A04,230,캔너트,너트류,안주
A04,231,봉지너트,너트류,안주
A04,232,일반스틱,기타,안주
A04,233,기타,기타,안주
A04,234,과일,농산안주,안주
A04,235,농산물,농산안주,안주
A04,236,일반스낵,스낵안주,안주
A04,237,김스낵,스낵안주,안주
A04,238,캔안주,캔안주,안주
A04,239,병맥주(소),병맥주,맥주
A04,240,병맥주(중),병맥주,맥주
A04,241,병맥주(대),병맥주,맥주
A04,242,캔맥주(소),캔맥주,맥주
A04,243,캔맥주(중),캔맥주,맥주
A04,244,수입맥주(병),수입맥주,맥주
A04,245,수입맥주(캔),수입맥주,맥주
A04,246,생맥주500ML,생맥주,맥주
A04,247,병소주,소주,전통주
A04,248,팩소주,소주,전통주
A04,249,PET소주,소주,전통주
A04,250,탁주,곡주,전통주
A04,251,청주,곡주,전통주
A04,252,약주,곡주,전통주
A04,253,과실주,곡주,전통주
A04,254,일반선물세트,선물세트,전통주
A04,255,위스키,양주,양주와인
A04,256,기타양주,양주,양주와인
A04,257,레드,와인,양주와인
A04,258,화이트,와인,양주와인
A04,259,샴페인,와인,양주와인
A04,260,소품,와인,양주와인
A04,261,리쿼,리쿼,양주와인
A04,262,일반선물세트,선물세트,양주와인
A04,263,콜라(소),탄산음료,음료
A04,264,콜라(중),탄산음료,음료
A04,265,콜라(대),탄산음료,음료
A04,266,사이다(소),탄산음료,음료
A04,267,사이다(중),탄산음료,음료
A04,268,사이다(대),탄산음료,음료
A04,269,과일향탄산(소),탄산음료,음료
A04,270,과일향탄산(중),탄산음료,음료
A04,271,과일향탄산(대),탄산음료,음료
A04,272,캔커피(소),커피음료,음료
A04,273,캔커피(NB),커피음료,음료
A04,274,병커피,커피음료,음료
A04,275,기타,커피음료,음료
A04,276,옥수수차,차음료,음료
A04,277,보리차,차음료,음료
A04,278,녹차,차음료,음료
A04,279,홍차,차음료,음료
A04,280,기타차,차음료,음료
A04,281,전통음료(소),전통음료,음료
A04,282,전통음료(중),전통음료,음료
A04,283,전통음료(대),전통음료,음료
A04,284,주스(소병),주스,음료
A04,285,주스(소캔),주스,음료
A04,286,주스(중),주스,음료
A04,287,주스(대),주스,음료
A04,288,500ml이하,생수,음료
A04,289,1000ml이상,생수,음료
A04,290,프리미엄생수,생수,음료
A04,291,스포츠음료(소),스포츠음료,음료
A04,292,스포츠음료(중),스포츠음료,음료
A04,293,스포츠음료(대),스포츠음료,음료
A04,294,차음료선물세트,선물세트,음료
A04,295,주스선물세트,선물세트,음료
A04,296,숙취해소음료,기능성드링크,음료
A04,297,비타민음료,기능성드링크,음료
A04,298,건강음료,기능성드링크,음료
A04,299,홍삼음료,기능성드링크,음료
A04,300,보건드링크,기능성드링크,음료
A04,301,선물세트,기능성드링크,음료
A04,302,에너지음료,기능성드링크,음료
A04,303,바,노벨티,아이스크림
A04,304,콘,노벨티,아이스크림
A04,305,컵,노벨티,아이스크림
A04,306,모나카,노벨티,아이스크림
A04,307,펜슬,노벨티,아이스크림
A04,308,기타,노벨티,아이스크림
A04,309,카톤,홈타입,아이스크림
A04,310,멀티,홈타입,아이스크림
A04,311,바,고급,아이스크림
A04,312,컵,고급,아이스크림
A04,313,파인트,고급,아이스크림
A04,314,케익,고급,아이스크림
A04,315,구슬아이스,고급,아이스크림
A04,316,봉지만두,냉동만두,냉동
A04,317,트레이만두,냉동만두,냉동
A04,318,냉동면,냉동면밥류,냉동
A04,319,냉동밥,냉동면밥류,냉동
A04,320,냉동간식류,냉동면밥류,냉동
A04,321,냉동육류,냉동기타,냉동
A04,322,냉동얼음,냉동기타,냉동
A04,323,선물세트,냉동기타,냉동
A04,324,KT&G,국산담배,담배
A04,325,BAT,외산담배,담배
A04,326,PMI,외산담배,담배
A04,327,JTI,외산담배,담배
A04,328,시가,외산담배,담배
A04,329,직수입,외산담배,담배
A04,330,복권,일반서비스,서비스 상품
A04,331,교통카드판매,일반서비스,서비스 상품
A04,332,MVNO,일반서비스,서비스 상품
A04,333,문화상품권,유가증권,서비스 상품
A04,334,쓰레기봉투,쓰레기봉투,서비스 상품
A04,335,카네이션,기타,서비스 상품
A04,336,여성지,잡지,서적/음반
A04,337,시사/교양지,잡지,서적/음반
A04,338,퍼즐지,잡지,서적/음반
A04,339,성인지,잡지,서적/음반
A04,340,아동,단행본,서적/음반
A03,171,삼치,선어류,수산
A04,342,유아용서적(직배),특수점서적,서적/음반
A04,343,종합일간지,일간신문,신문
A04,344,스포츠지,일간신문,신문
A04,345,경제지,일간신문,신문
A04,346,영자신문,일간신문,신문
A04,347,일요신문,주간신문,신문
A04,348,경마지,경마지,신문
A04,349,미용 소도구,미용소품,미용/화장품
A04,350,액세서리,미용소품,미용/화장품
A04,351,기타소품,미용소품,미용/화장품
A04,352,무스,헤어스타일링,미용/화장품
A04,353,스프레이,헤어스타일링,미용/화장품
A04,354,젤,헤어스타일링,미용/화장품
A04,355,왁스,헤어스타일링,미용/화장품
A04,356,케어/염모제,헤어스타일링,미용/화장품
A04,357,기초화장품,여성화장품,미용/화장품
A04,358,크림,여성화장품,미용/화장품
A04,359,클렌징,여성화장품,미용/화장품
A04,360,바디용품,여성화장품,미용/화장품
A04,361,색조/메이크업,여성화장품,미용/화장품
A04,362,립케어,여성화장품,미용/화장품
A04,363,시즌 화장품,여성화장품,미용/화장품
A04,364,기초화장품,남성화장품,미용/화장품
A04,365,클렌징,남성화장품,미용/화장품
A04,366,일반치약,치약,H&B
A04,367,액상치약,치약,H&B
A04,368,어린이용,치약,H&B
A04,369,일반모,칫솔,H&B
A04,370,미세모,칫솔,H&B
A04,371,어린이용칫솔,칫솔,H&B
A04,372,치실/치간칫솔,칫솔,H&B
A04,373,칫솔치약세트,치약칫솔세트,H&B
A04,374,샴푸,샴푸/린스,H&B
A04,375,린스,샴푸/린스,H&B
A04,376,고형비누,화장비누/바디클렌저,H&B
A04,377,액체비누,화장비누/바디클렌저,H&B
A04,378,바디클렌저,화장비누/바디클렌저,H&B
A04,379,여행용상품,여행용상품,H&B
A04,380,소용량상품,여행용상품,H&B
A04,381,면도기,면도용품,H&B
A04,382,면도날,면도용품,H&B
A04,383,일회용면도기,면도용품,H&B
A04,384,쉐이빙폼,면도용품,H&B
A04,385,일반선물세트,선물세트,H&B
A04,386,에어졸,살충제,가정용품
A04,387,매트/훈증기,살충제,가정용품
A04,388,모기향,살충제,가정용품
A04,389,방충제,살충제,가정용품
A04,390,기피제,살충제,가정용품
A04,391,방향제,방향제,가정용품
A04,392,탈취제,방향제,가정용품
A04,393,세탁세제,세제류,가정용품
A04,394,주방세제,세제류,가정용품
A04,395,청소세제,세제류,가정용품
A04,396,섬유유연제,세제류,가정용품
A04,397,표백제,세제류,가정용품
A04,398,수세미/행주류,주방용품,가정용품
A04,399,조리기구/소모품,주방용품,가정용품
A04,400,랩/호일,주방용품,가정용품
A04,401,종이컵,행락용품,가정용품
A04,402,일회용용기,행락용품,가정용품
A04,403,젓가락/스푼,행락용품,가정용품
A04,404,레져시트/기타,행락용품,가정용품
A04,405,목욕타올,타올/욕실용품,가정용품
A04,406,테이프류,청소/작업용품,가정용품
A04,407,장갑류,청소/작업용품,가정용품
A04,408,기타,청소/작업용품,가정용품
A04,409,다이소균일가상품,다이소 균일가,가정용품
A04,410,팬티스타킹,스타킹,언더웨어
A04,411,판타롱스타킹,스타킹,언더웨어
A04,412,풋커버/앵클삭스,스타킹,언더웨어
A04,413,타이즈/레깅스,스타킹,언더웨어
A04,414,남성양말,양말,언더웨어
A04,415,여성양말,양말,언더웨어
A04,416,상권특화(캐릭터양말),양말,언더웨어
A04,417,남성팬티,팬티/내의,언더웨어
A04,418,여성팬티,팬티/내의,언더웨어
A04,419,내의류,팬티/내의,언더웨어
A04,420,손수건/타올,시즌/소품,언더웨어
A04,421,계절용품,시즌/소품,언더웨어
A04,422,기타,시즌/소품,언더웨어
A04,423,일반선물세트,선물세트,언더웨어
A04,424,소형,생리대,위생용품
A04,425,중형,생리대,위생용품
A04,426,대형,생리대,위생용품
A04,427,팬티라이너,생리대,위생용품
A04,428,탐폰,생리대,위생용품
A04,429,4P,생리대,위생용품
A04,430,박스티슈,티슈,위생용품
A04,431,여행용티슈,티슈,위생용품
A04,432,물티슈,티슈,위생용품
A04,433,롤티슈,티슈,위생용품
A04,434,유아용,기저귀,위생용품
A04,435,렌즈용품,의약외품,약품/의료품
A04,436,콘돔,의약외품,약품/의료품
A04,437,밴드용품,의약외품,약품/의료품
A04,438,응급위생용품,의약외품,약품/의료품
A04,439,의약외품,의약외품,약품/의료품
A04,440,마스크/시즌,의약외품,약품/의료품
A04,441,마사지젤,의약외품,약품/의료품
A04,442,병원용품,병원용품,약품/의료품
A04,443,해열진통제,안전상비의약품,약품/의료품
A04,444,소화제,안전상비의약품,약품/의료품
A04,445,감기약,안전상비의약품,약품/의료품
A04,446,파스,안전상비의약품,약품/의료품
A04,447,임신배란테스트기,의료기기,약품/의료품
A04,448,AA사이즈,건전지,일용잡화
A04,449,AAA사이즈,건전지,일용잡화
A04,450,기타사이즈,건전지,일용잡화
A04,451,3단우산,우산,일용잡화
A04,452,2단우산,우산,일용잡화
A04,453,장우산,우산,일용잡화
A04,454,일회용우산,우산,일용잡화
A04,455,우비,우산,일용잡화
A04,456,조명기구,전기/공구,일용잡화
A04,457,배선기구,전기/공구,일용잡화
A04,458,라이터,담배관련용품,일용잡화
A04,459,소품,담배관련용품,일용잡화
A04,460,금연보조용품,담배관련용품,일용잡화
A04,461,카드,취미/애완용품,일용잡화
A04,462,화투,취미/애완용품,일용잡화
A04,463,카메라/필름,취미/애완용품,일용잡화
A04,464,애완푸드,취미/애완용품,일용잡화
A04,465,애완용품(직배),취미/애완용품,일용잡화
A04,466,CD,휴대폰/주변기기,일용잡화
A04,467,메모리카드,휴대폰/주변기기,일용잡화
A04,468,이어폰/이어셋,휴대폰/주변기기,일용잡화
A04,469,스마트폰 액세서리(구전산소품),휴대폰/주변기기,일용잡화
A04,470,자동차용품,자동차용품,일용잡화
A04,471,연필/샤프/샤프심,필기용품,문구/팬시
A04,472,수성펜,필기용품,문구/팬시
A04,473,유성펜,필기용품,문구/팬시
A04,474,중성펜,필기용품,문구/팬시
A04,475,형광펜,필기용품,문구/팬시
A04,476,수정펜/지우개,필기용품,문구/팬시
A04,477,후크형 필기구,필기용품,문구/팬시
A04,478,자/풀,학용품,문구/팬시
A04,479,칼/가위,학용품,문구/팬시
A04,480,테이프,학용품,문구/팬시
A04,481,일반사무용품,사무용품,문구/팬시
A04,482,복사용지/라벨,사무용품,문구/팬시
A04,483,접착제,사무용품,문구/팬시
A04,484,사무정리용품,사무용품,문구/팬시
A04,485,초등노트,노트/봉투,문구/팬시
A04,486,일반노트,노트/봉투,문구/팬시
A04,487,수첩메모,노트/봉투,문구/팬시
A04,488,봉투류,노트/봉투,문구/팬시
A04,489,노트류기타,노트/봉투,문구/팬시
A04,490,축하카드,팬시,문구/팬시
A04,491,쇼핑백/포장지,팬시,문구/팬시
A04,492,팬시용품,팬시,문구/팬시
A04,493,일반완구,아동완구,완구
A04,494,캡슐완구,아동완구,완구
A04,495,스티커,아동완구,완구
A04,496,폭죽용품,폭죽/파티,완구
A04,497,파티용품,폭죽/파티,완구
A04,498,여름/겨울,계절완구,완구
A04,499,행사상품,계절완구,완구
A04,500,일반완구(직배),특수점완구,완구
A04,501,한강점포(직배),특수점완구,완구
A04,502,관광상품(직배),특수점완구,완구
A04,503,해변용품(직배),특수점완구,완구
A04,504,슬러피원액,판매용소모품,소모품
A04,505,커피원액,판매용소모품,소모품
A04,506,기타판매용소모품,판매용소모품,소모품
A04,507,소모용포장지,소모용포장지,소모품
A04,508,공병공박스,공병공박스,공병공박스
A04,509,소주공병,주류공병,공병공박스
A04,510,맥주공병,주류공병,공병공박스
A04,511,봉투보증금,봉투보증금,기타
A03,1,일반미,양곡,곡물
A03,2,기능성미,양곡,곡물
A03,3,즉석도정미,양곡,곡물
A03,4,보리,잡곡,곡물
A03,5,현미,잡곡,곡물
A03,6,찹쌀,잡곡,곡물
A03,7,흑미,잡곡,곡물
A03,854,기타이미용가전,전기전자,생활잡화
A03,514,냉장과일야채음료,냉장음료,낙농
A03,515,냉장곡물견과음료,냉장음료,낙농
A03,516,푸딩/젤리,냉장간식MS,MS
A03,517,빵/케이크,냉장간식MS,MS
A03,518,절임반찬,냉장기타MS,MS
A03,519,김치류,냉장농산,냉장
A03,520,조림반찬,냉장기타MS,MS
A03,521,볶음반찬,냉장기타MS,MS
A02,731,가정보수용품,보수용품,조명/보수
A02,732,에너지절약용품,보수용품,조명/보수
A02,733,접착제,보수용품,조명/보수
A02,734,페인트,보수용품,조명/보수
A02,735,포장/이사용품,보수용품,조명/보수
A02,736,공구함,공구,조명/보수
A02,737,수공구,공구,조명/보수
A02,738,전동공구,공구,조명/보수
A02,739,철물공구,공구,조명/보수
A02,740,건전지,건전지,조명/보수
A02,741,충전지,건전지,조명/보수
A02,742,특수전지,건전지,조명/보수
A02,743,냉동계육,닭고기,닭고기
A02,744,오골계,닭고기,닭고기
A02,745,훈제계육,닭고기,닭고기
A02,746,국산굴비,굴비,굴비/반건생선
A02,747,수입굴비,굴비,굴비/반건생선
A02,748,과메기,반건생선,굴비/반건생선
A02,749,기타반건생선,반건생선,굴비/반건생선
A02,750,반건가자미,반건생선,굴비/반건생선
A02,751,반건갈치,반건생선,굴비/반건생선
A02,752,반건고등어,반건생선,굴비/반건생선
A02,753,반건오징어,반건생선,굴비/반건생선
A02,754,반건임연수어,반건생선,굴비/반건생선
A02,755,반건제수생선,반건생선,굴비/반건생선
A02,756,코다리,반건생선,굴비/반건생선
A02,757,굴비세트,굴비/반건생선선물세트,굴비/반건생선
A02,758,기타해초류,해초,해물연체류
A02,759,다시마,해초,해물연체류
A02,760,매생이,해초,해물연체류
A02,761,미역,해초,해물연체류
A02,762,톳,해초,해물연체류
A02,763,파래,해초,해물연체류
A02,764,포장해초류,해초,해물연체류
A02,765,개조개,조개,해물연체류
A02,766,골뱅이,조개,해물연체류
A02,767,기타조개,조개,해물연체류
A02,768,꼬막,조개,해물연체류
A02,769,모시조개,조개,해물연체류
A02,770,바지락,조개,해물연체류
A02,771,생합,조개,해물연체류
A02,772,석화,조개,해물연체류
A02,773,소라,조개,해물연체류
A02,774,전복,조개,해물연체류
A02,775,키조개,조개,해물연체류
A02,776,피홍합,조개,해물연체류
A02,777,곤이,조개살,해물연체류
A02,778,관자살,조개살,해물연체류
A02,779,기타조개살,조개살,해물연체류
A02,780,논우렁살,조개살,해물연체류
A02,781,멍게,조개살,해물연체류
A02,782,명태알,조개살,해물연체류
A02,783,미더덕,조개살,해물연체류
A02,784,바지락살,조개살,해물연체류
A02,785,새우살,조개살,해물연체류
A02,786,생굴,조개살,해물연체류
A02,787,오만둥이,조개살,해물연체류
A02,788,해삼,조개살,해물연체류
A02,789,홍합살,조개살,해물연체류
A02,790,갑오징어,연체,해물연체류
A02,791,기타연체류,연체,해물연체류
A02,792,낙지,연체,해물연체류
A02,793,문어,연체,해물연체류
A02,794,주꾸미,연체,해물연체류
A02,795,해파리,연체,해물연체류
A02,796,기타새우,새우,해물연체류
A02,797,블랙타이거,새우,해물연체류
A02,798,흰다리새우,새우,해물연체류
A02,799,기타해물선물세트,해물선물세트,해물연체류
A02,800,전복선물세트,해물선물세트,해물연체류
A02,801,동해안건오징어,건오징어,마른안주
A02,802,반건오징어,건오징어,마른안주
A02,803,울릉도건오징어,건오징어,마른안주
A02,804,원양산건오징어,건오징어,마른안주
A02,805,백진미,조미오징어,마른안주
A02,806,홍진미,조미오징어,마른안주
A02,807,"훈제,구이진미",조미오징어,마른안주
A02,808,국산육포,육포,마른안주
A02,809,"돈,닭,치즈육포",육포,마른안주
A02,810,수입산육포,육포,마른안주
A02,811,구운쥐치포,쥐치포,마른안주
A02,812,어포류,쥐치포,마른안주
A02,813,쥐치포,쥐치포,마른안주
A02,814,육포세트,마른안주선물세트,마른안주
A02,815,국물용멸치,멸치,"멸치,황태,미역"
A02,816,볶음용멸치,멸치,"멸치,황태,미역"
A02,817,볶음조림용멸치,멸치,"멸치,황태,미역"
A02,818,"새우,홍합",멸치,"멸치,황태,미역"
A02,819,국물팩,천연조미료,"멸치,황태,미역"
A02,820,어간장,천연조미료,"멸치,황태,미역"
A02,821,원물가루,천연조미료,"멸치,황태,미역"
A02,822,황태채,황태,"멸치,황태,미역"
A02,823,황태포,황태,"멸치,황태,미역"
A02,824,다시마,미역/다시마,"멸치,황태,미역"
A02,825,미역,미역/다시마,"멸치,황태,미역"
A02,826,멸치세트,멸치황태미역선물세트,"멸치,황태,미역"
A02,827,황태세트,멸치황태미역선물세트,"멸치,황태,미역"
A02,828,김밥김,마른김,김
A02,829,마른김,마른김,김
A02,830,식탁김,조미김,김
A02,831,외국인특화김,조미김,김
A02,832,전장김,조미김,김
A02,833,김가공품,김가공품,김
A02,834,김자반,김가공품,김
A02,835,부각,김가공품,김
A02,836,김선물세트,김선물세트,김
A02,837,한우곰거리,일반한우,한우
A02,838,한우등심,일반한우,한우
A02,839,한우안심,일반한우,한우
A02,840,한우양지,일반한우,한우
A02,841,한우정육,일반한우,한우
A02,842,한우채끝,일반한우,한우
A02,843,한우특수부위,일반한우,한우
A02,844,한우규격,일반한우,한우
A02,845,한우냉동선물세트,한우선물세트,한우
A02,846,한우냉장선물세트,한우선물세트,한우
A02,847,산지한우,브랜드한우,한우
A02,848,순한한우,브랜드한우,한우
A02,849,진심한우,브랜드한우,한우
A02,850,미국산냉동소고기,미국산소고기,수입육
A02,851,미국산초이스등급소고기,미국산소고기,수입육
A02,852,미국산프라임등급소고기,미국산소고기,수입육
A02,853,호주산곡물비육,호주산소고기,수입육
A02,854,호주산냉동소고기,호주산소고기,수입육
A02,855,호주산목초비육,호주산소고기,수입육
A02,856,호주산와규,호주산소고기,수입육
A02,857,호주산흑소,호주산소고기,수입육
A02,858,수입냉동선물세트,수입육선물세트,수입육
A02,859,수입냉장선물세트,수입육선물세트,수입육
A02,860,맥시코산돼지고기,수입돼지고기,수입육
A02,861,미국산돼지고기,수입돼지고기,수입육
A02,862,유럽산돼지고기,수입돼지고기,수입육
A02,863,호주산돼지고기,수입돼지고기,수입육
A02,864,뉴질랜드산소고기,기타국소고기,수입육
A02,865,기타국소고기,기타국소고기,수입육
A02,866,캐나다산소고기,기타국소고기,수입육
A02,867,일반오리,오리고기,닭고기
A02,868,훈제오리,오리고기,닭고기
A02,869,닭/오리양념육,양념육,양념육가공
A02,870,돼지양념육,양념육,양념육가공
A02,871,소양념육,양념육,양념육가공
A02,872,돈가스,육가공품,양념육가공
A02,873,소시지,육가공품,양념육가공
A02,874,스테이크,육가공품,양념육가공
A02,875,햄류,육가공품,양념육가공
A02,876,NB돼지고기,브랜드돼지고기,돼지고기
A02,877,PB돼지고기,브랜드돼지고기,돼지고기
A02,878,소포장팩,브랜드돼지고기,돼지고기
A02,879,기능성웰빙돼지고기,차별화돼지고기,돼지고기
A02,880,품종차별화돼지고기,차별화돼지고기,돼지고기
A02,881,온라인돼지고기,온라인돼지고기,돼지고기
A02,882,건과일,건과,신선건강
A02,883,과일칩,건과,신선건강
A02,884,마카다미아,건과,신선건강
A02,885,믹스넛,건과,신선건강
A02,886,시즈닝견과,건과,신선건강
A02,887,피스타치오,건과,신선건강
A02,888,하루견과,건과,신선건강
A02,889,삶은나물,나물,두부/콩나물/나물
A02,890,구색샐러드채소,샐러드채소,잎/샐러드채소
A02,891,즙용샐러드채소,샐러드채소,잎/샐러드채소
A02,892,친환경샐러드채소,샐러드채소,잎/샐러드채소
A02,893,국산콩나물,콩나물,두부/콩나물/나물
A02,894,수입콩나물,콩나물,두부/콩나물/나물
A02,895,가공두부,두부,두부/콩나물/나물
A02,896,겸용두부,두부,두부/콩나물/나물
A02,897,부침두부,두부,두부/콩나물/나물
A02,898,연두부,두부,두부/콩나물/나물
A02,899,찌개두부,두부,두부/콩나물/나물
A02,900,온라인잎채소,온라인잎/샐러드채소,잎/샐러드채소
A02,901,PB감귤,감귤,국산시즌과일
A02,902,감귤기타,감귤,국산시즌과일
A02,903,노지감귤,감귤,국산시즌과일
A02,904,레드향,감귤,국산시즌과일
A02,905,천혜향,감귤,국산시즌과일
A02,906,하우스감귤,감귤,국산시즌과일
A02,907,한라봉,감귤,국산시즌과일
A02,908,황금향,감귤,국산시즌과일
A02,909,단감,감,국산시즌과일
A02,910,대봉시,감,국산시즌과일
A02,911,홍시,감,국산시즌과일
A02,912,복숭아기타,복숭아,국산시즌과일
A02,913,부드러운복숭아,복숭아,국산시즌과일
A02,914,아삭한복숭아,복숭아,국산시즌과일
A02,915,천도복숭아,복숭아,국산시즌과일
A02,916,대석자두,자두,국산시즌과일
A02,917,자두기타,자두,국산시즌과일
A02,918,포모사,자두,국산시즌과일
A02,919,PB토마토,토마토,국산시즌과일
A02,920,방울토마토,토마토,국산시즌과일
A02,921,완숙토마토,토마토,국산시즌과일
A02,922,찰토마토,토마토,국산시즌과일
A02,923,토마토기타,토마토,국산시즌과일
A02,924,거봉포도,포도,국산시즌과일
A02,925,델라웨어포도,포도,국산시즌과일
A02,926,머루포도,포도,국산시즌과일
A02,927,캠벨포도,포도,국산시즌과일
A02,928,포도기타,포도,국산시즌과일
A02,929,참외,참외,국산시즌과일
A02,930,PB수박,수박,국산시즌과일
A02,931,수박기타,수박,국산시즌과일
A02,932,씨없는수박,수박,국산시즌과일
A02,933,유명산지수박,수박,국산시즌과일
A02,934,일반수박,수박,국산시즌과일
A02,935,컬러수박,수박,국산시즌과일
A02,936,딸기,딸기,국산시즌과일
A02,937,산딸기,딸기,국산시즌과일
A02,938,PB메론,메론,국산시즌과일
A02,939,머스크메론,메론,국산시즌과일
A02,940,메론기타,메론,국산시즌과일
A02,941,PB사과,사과,저장과일
A02,942,부사,사과,저장과일
A02,943,사과기타,사과,저장과일
A02,944,아오리사과,사과,저장과일
A02,945,햇사과,사과,저장과일
A02,946,배기타,배,저장과일
A02,947,신고,배,저장과일
A02,948,햇배,배,저장과일
A02,949,배세트,국산과일선물세트,저장과일
A02,950,사과배세트,국산과일선물세트,저장과일
A02,951,사과세트,국산과일선물세트,저장과일
A02,952,친환경과일세트,국산과일선물세트,저장과일
A02,953,혼합세트,국산과일선물세트,저장과일
A02,954,온라인구색과일,온라인저장과일,저장과일
A02,955,구색과일기타,구색과일,저장과일
A02,956,국산체리,구색과일,저장과일
A02,957,매실,구색과일,저장과일
A02,958,모과,구색과일,저장과일
A02,959,무화과,구색과일,저장과일
A02,960,살구,구색과일,저장과일
A02,961,쇼케이스과일,구색과일,저장과일
A02,962,유자,구색과일,저장과일
A02,963,친환경구색과일,구색과일,저장과일
A02,964,생율,밤,저장과일
A02,965,피밤,밤,저장과일
A02,966,오렌지과일선물세트,오렌지과일선물세트,오렌지과일
A02,967,기타오렌지,오렌지,오렌지과일
A02,968,남아공오렌지,오렌지,오렌지과일
A02,969,미국고당도오렌지,오렌지,오렌지과일
A02,970,미국일반오렌지,오렌지,오렌지과일
A02,971,칠레오렌지,오렌지,오렌지과일
A02,972,남아공자몽,자몽,오렌지과일
A02,973,미국자몽,자몽,오렌지과일
A02,974,이스라엘자몽,자몽,오렌지과일
A02,975,간편과일,오렌지과일기타,오렌지과일
A02,976,기타오렌지과일,오렌지과일기타,오렌지과일
A02,977,미국석류,석류,오렌지과일
A02,978,북미레몬,레몬,오렌지과일
A02,979,칠레레몬,레몬,오렌지과일
A02,980,망고스틴,열대과일기타,열대과일
A02,981,메론기타,열대과일기타,열대과일
A02,982,아보카도,열대과일기타,열대과일
A02,1324,일반아동침구,아동침구,침구
A02,984,용과,열대과일기타,열대과일
A02,985,허니듀메론,열대과일기타,열대과일
A02,986,PB바나나,바나나,열대과일
A02,987,고당도바나나,바나나,열대과일
A02,988,기타바나나,바나나,열대과일
A02,989,일반바나나,바나나,열대과일
A02,990,필리핀파인애플,파인애플,열대과일
A02,991,기타망고,망고,열대과일
A02,992,대만애플망고,망고,열대과일
A02,993,태국망고,망고,열대과일
A02,994,필리핀망고,망고,열대과일
A02,995,국산골드키위,키위,열대과일
A02,996,국산그린키위,키위,열대과일
A02,997,기타키위,키위,열대과일
A02,998,뉴질랜드골드키위,키위,열대과일
A02,999,뉴질랜드그린키위,키위,열대과일
A02,1000,이탈리아골드키위,키위,열대과일
A02,1001,이탈리아그린키위,키위,열대과일
A02,1002,칠레골드키위,키위,열대과일
A02,1003,칠레그린키위,키위,열대과일
A02,1004,열대과일선물세트,열대과일선물세트,열대과일
A02,1005,블루베리(기타),블루베리,수입베리과일
A02,1006,칠레블루베리,블루베리,수입베리과일
A02,1007,미국 체리,체리,수입베리과일
A02,1008,체리 기타,체리,수입베리과일
A02,1009,미국기타포도,수입포도,수입베리과일
A02,1010,미국적포도,수입포도,수입베리과일
A02,1011,미국청포도,수입포도,수입베리과일
A02,1012,미국혼합포도,수입포도,수입베리과일
A02,1013,칠레기타포도,수입포도,수입베리과일
A02,1014,칠레적포도,수입포도,수입베리과일
A02,1015,칠레청포도,수입포도,수입베리과일
A02,1016,칠레혼합포도,수입포도,수입베리과일
A02,1017,페루기타포도,수입포도,수입베리과일
A02,1018,페루적포도,수입포도,수입베리과일
A02,1019,페루청포도,수입포도,수입베리과일
A02,1020,곶감,냉동과일,수입베리과일
A02,1021,곶감세트,냉동과일,수입베리과일
A02,1022,냉동기타과일,냉동과일,수입베리과일
A02,1023,냉동블루베리,냉동과일,수입베리과일
A02,1024,냉동열대과일,냉동과일,수입베리과일
A02,1025,냉동채소,냉동과일,수입베리과일
A02,1026,보리류,잡곡,잡곡선식
A02,1027,슈퍼푸드잡곡류,잡곡,잡곡선식
A02,1028,잡곡기타,잡곡,잡곡선식
A02,1029,찰현미류,잡곡,잡곡선식
A02,1030,찹쌀류,잡곡,잡곡선식
A02,1031,친환경잡곡,잡곡,잡곡선식
A02,1032,콩류,잡곡,잡곡선식
A02,1033,현미류,잡곡,잡곡선식
A02,1034,혼합잡곡,잡곡,잡곡선식
A02,1035,흑미류,잡곡,잡곡선식
A02,1036,곡물스낵,선식,잡곡선식
A02,1037,기타선식,선식,잡곡선식
A02,1038,다이어트대용식,선식,잡곡선식
A02,1039,미숫가루,선식,잡곡선식
A02,1040,볶은통곡물,선식,잡곡선식
A02,1041,일반선식,선식,잡곡선식
A02,1042,하루한끼선식,선식,잡곡선식
A02,1043,온라인잡곡류,온라인잡곡선식,잡곡선식
A02,1044,한차,한방차,신선건강
A02,1045,허브,한방차,신선건강
A02,1046,메추리알,계란,계란
A02,1047,브랜드란,계란,계란
A02,1048,일반란,계란,계란
A02,1049,차별화계란,계란,계란
A02,1050,가공계란,가공란,계란
A02,1051,가공메추리알,가공란,계란
A02,1052,묵,묵/즉석참기름,두부/콩나물/나물
A02,1053,즉석참기름,묵/즉석참기름,두부/콩나물/나물
A02,1054,건고추,양념채소,양념/뿌리채소
A02,1055,기타양념,양념채소,양념/뿌리채소
A02,1056,대파,양념채소,양념/뿌리채소
A02,1057,마늘,양념채소,양념/뿌리채소
A02,1058,마늘쫑,양념채소,양념/뿌리채소
A02,1059,생강,양념채소,양념/뿌리채소
A02,1060,양파,양념채소,양념/뿌리채소
A02,1061,쪽파,양념채소,양념/뿌리채소
A02,1062,친환경양념채소,양념채소,양념/뿌리채소
A02,1063,가지,열매채소,버섯/열매채소
A02,1064,고추,열매채소,버섯/열매채소
A02,1065,구색 호박,열매채소,버섯/열매채소
A02,1066,기타열매채소,열매채소,버섯/열매채소
A02,1067,단호박,열매채소,버섯/열매채소
A02,1068,애호박,열매채소,버섯/열매채소
A02,1069,여주,열매채소,버섯/열매채소
A02,1070,오이,열매채소,버섯/열매채소
A02,1071,옥수수,열매채소,버섯/열매채소
A02,1072,친환경열매채소,열매채소,버섯/열매채소
A02,1073,콩류,열매채소,버섯/열매채소
A02,1074,피망,열매채소,버섯/열매채소
A02,1075,건버섯,버섯,버섯/열매채소
A02,1076,느타리버섯,버섯,버섯/열매채소
A02,1077,버섯모둠,버섯,버섯/열매채소
A02,1078,버섯선물세트,버섯,버섯/열매채소
A02,1079,새송이버섯,버섯,버섯/열매채소
A02,1080,양송이버섯,버섯,버섯/열매채소
A02,1081,이색버섯,버섯,버섯/열매채소
A02,1082,팽이버섯,버섯,버섯/열매채소
A02,1083,표고버섯,버섯,버섯/열매채소
A02,1084,감자,뿌리채소,양념/뿌리채소
A02,1085,고구마,뿌리채소,양념/뿌리채소
A02,1086,기타뿌리채소,뿌리채소,양념/뿌리채소
A02,1087,당근,뿌리채소,양념/뿌리채소
A02,1088,마,뿌리채소,양념/뿌리채소
A02,1089,연근,뿌리채소,양념/뿌리채소
A02,1090,우엉,뿌리채소,양념/뿌리채소
A02,1091,친환경 뿌리채소,뿌리채소,양념/뿌리채소
A02,1092,친환경뿌리채소,뿌리채소,양념/뿌리채소
A02,1093,온라인뿌리채소,온라인양념/뿌리채소,양념/뿌리채소
A02,1094,Local근대,LOCAL잎채소,잎/샐러드채소
A02,1095,Local기타잎채소,LOCAL잎채소,잎/샐러드채소
A02,1096,Local깻잎,LOCAL잎채소,잎/샐러드채소
A02,1097,Local미나리,LOCAL잎채소,잎/샐러드채소
A02,1098,Local부추,LOCAL잎채소,잎/샐러드채소
A02,1099,Local상추,LOCAL잎채소,잎/샐러드채소
A02,1100,Local시금치,LOCAL잎채소,잎/샐러드채소
A02,1101,Local쌈채소,LOCAL잎채소,잎/샐러드채소
A02,1102,Local쑥갓,LOCAL잎채소,잎/샐러드채소
A02,90,수정용품,필기도구,문구
A02,91,접착용품,오피스용품,문구
A02,92,게시용품,오피스용품,문구
A02,93,데스크정리용품,오피스용품,문구
A02,94,OA용품,오피스용품,문구
A02,95,서식지,오피스용품,문구
A02,96,사무용지,오피스용품,문구
A02,97,오피스스티커,오피스용품,문구
A02,98,생화,원예용품,애완원예용품
A02,99,계절카시트,카시트/매트,자동차용품
A02,100,카매트,카시트/매트,자동차용품
A02,101,전기요,전기요/장판,계절가전
A02,102,이동통신소품,이동통신,정보통신가전
A02,103,남성내의,성인내의,이너웨어
A02,104,여성내의,성인내의,이너웨어
A02,105,팬티,란제리,이너웨어
A02,106,브라,란제리,이너웨어
A02,107,기능성란제리,란제리,이너웨어
A02,108,란쥬,란제리,이너웨어
A02,109,쥬니어란제리,란제리,이너웨어
A02,110,축구용품,구기용품,스포츠용품
A02,111,야구용품,구기용품,스포츠용품
A02,112,농구용품,구기용품,스포츠용품
A02,113,배구용품,구기용품,스포츠용품
A02,114,기타구기용품,구기용품,스포츠용품
A02,115,헬스기구,헬스용품,스포츠용품
A02,116,일반자전거,자전거,스포츠용품
A02,117,아동자전거,자전거,스포츠용품
A02,118,자전거용품,자전거,스포츠용품
A02,119,즉석도정미,즉석도정미,양곡
A02,120,쌈채소,잎채소,잎/샐러드채소
A02,121,아스파라거스,샐러드채소,잎/샐러드채소
A02,122,베이커리 디저트,디저트,F&B
A02,123,행거,소가구,인테리어
A02,124,거울,장식용품,인테리어
A02,125,전동칫솔,구강용품,구강/헤어
A02,126,남성병행수입,병행수입,남성의류편집
A02,127,양곡가공,가공양곡,양곡
A02,128,DIY소가구,소가구,인테리어
A02,129,덧신기획,덧신,양말
A02,130,수입과채혼합음료,수입음료,음료
A02,131,수입탄산/이온음료,수입음료,음료
A02,132,수입커피/수입혼합차음료,수입음료,음료
A02,133,냉동디저트HMR,냉동HMR,가공HMR
A02,134,수입냉동식사,냉동HMR,가공HMR
A02,135,냉동식사HMR,냉동HMR,가공HMR
A02,136,옛날과자,전통과자,과자
A02,137,음료/디저트,푸드코트,FOOD COURT
A02,138,이유식,이유식/유아간식,인스턴트
A02,139,스타킹기획,스타킹,이너웨어
A02,140,이지편집,스트리트편집샵,여성의류브랜드
A02,141,다리미판,세탁용품,청소/수납용품
A02,142,분무기,세탁용품,청소/수납용품
A02,143,세탁건조대,세탁용품,청소/수납용품
A02,144,옷걸이,세탁용품,청소/수납용품
A02,145,리빙박스,수납용품,청소/수납용품
A02,146,바스켓,수납용품,청소/수납용품
A02,147,서랍장,수납용품,청소/수납용품
A02,148,수납소품,수납용품,청소/수납용품
A02,149,신발수납용품,수납용품,청소/수납용품
A02,150,종이/패브릭수납함,수납용품,청소/수납용품
A02,151,카트/장바구니,수납용품,청소/수납용품
A02,152,수납소품,소가구,인테리어
A02,153,키즈가구,소가구,인테리어
A02,154,파일/바인더,오피스용품,문구
A02,155,가드닝세트,원예용품,애완원예용품
A02,156,배양토/영양제,원예용품,애완원예용품
A02,157,살수용품,원예용품,애완원예용품
A02,158,시즌원예,원예용품,애완원예용품
A02,159,원예공구,원예용품,애완원예용품
A02,160,조화/숯,원예용품,애완원예용품
A02,161,화분,원예용품,애완원예용품
A02,162,화분받침,원예용품,애완원예용품
A02,163,카시트,카시트/매트,자동차용품
A02,164,애견간식,애견용품,애완원예용품
A02,165,애견건식사료,애견용품,애완원예용품
A02,166,빗/이발기,애견용품,애완원예용품
A02,167,샴푸/탈취제,애견용품,애완원예용품
A02,168,프리미엄샴푸,기능헤어케어,구강/헤어
A02,169,모발영양케어,기능헤어케어,구강/헤어
A02,170,온라인기능헤어케어,기능헤어케어,구강/헤어
A02,1283,홍삼첨가식품,홍인삼,건강식품
A02,1284,국산담배,담배,건강식품
A02,1285,수입담배,담배,건강식품
A02,1286,건강기능성선물세트,건강선물세트,건강식품
A02,1287,홍삼선물세트,건강선물세트,건강식품
A02,1288,유기농과자,프리미엄과자,과자
A02,1289,프리미엄비스켓,프리미엄과자,과자
A02,1290,프리미엄스낵,프리미엄과자,과자
A02,1291,프리미엄초콜릿,프리미엄과자,과자
A02,1292,프리미엄캔디,프리미엄과자,과자
A02,1293,프리미엄파이,프리미엄과자,과자
A02,1294,간식용소시지,간식용과자,과자
A02,1295,기타 간식용과자,간식용과자,과자
A02,1296,맛밤류,간식용과자,과자
A02,1297,수입껌,수입과자,과자
A02,1298,수입비스켓,수입과자,과자
A02,1299,수입스낵,수입과자,과자
A02,1300,수입초콜릿,수입과자,과자
A02,1301,수입캔디,수입과자,과자
A03,522,무침반찬,냉장기타MS,MS
A03,548,즉석볶음반찬,반찬류,조리식품
A03,549,즉석무침반찬,반찬류,조리식품
A03,550,즉석국탕,반찬류,조리식품
A03,551,즉석나물/부침,반찬류,조리식품
A03,552,즉석반찬원부재료,반찬류,조리식품
A03,553,치킨류,간편간식,조리식품
A03,554,튀김류,간편간식,조리식품
A03,555,훈제/로스트,간편간식,조리식품
A03,556,족발,간편간식,조리식품
A03,557,피자,기타조리식품,조리식품
A03,558,즉석어묵,간편간식,조리식품
A03,559,기타온장조리,기타조리식품,조리식품
A03,560,온장조리원부재료,간편간식,조리식품
A03,561,김밥,식사류,조리식품
A03,562,삼각김밥,식사류,조리식품
A03,563,초밥류,식사류,조리식품
A03,564,도시락,식사류,조리식품
A03,565,샐러드,식사류,조리식품
A03,566,샌드위치,식사류,조리식품
A03,567,햄버거,식사류,조리식품
A03,568,기타냉장조리,기타조리식품,조리식품
A03,569,냉장조리원부재료,식사류,조리식품
A03,570,베이커리일반빵,베이커리,조리식품
A03,571,선물류,베이커리,조리식품
A03,572,요리떡,기타조리식품,조리식품
A03,573,일반떡,기타조리식품,조리식품
A03,574,기타남성의류세트,의류잡화,생활잡화
A03,575,여성팬티,의류잡화,생활잡화
A03,576,여성런닝셔츠/캐미솔,의류잡화,생활잡화
A03,577,여성내의,의류잡화,생활잡화
A03,578,남성팬티,의류잡화,생활잡화
A03,579,남성런닝셔츠,의류잡화,생활잡화
A03,580,남성내의,의류잡화,생활잡화
A03,581,여성실내복,의류잡화,생활잡화
A03,582,남성실내복,의류잡화,생활잡화
A03,583,여성일반양말,의류잡화,생활잡화
A03,584,여성수면양말,의류잡화,생활잡화
A03,585,여성덧신류,의류잡화,생활잡화
A03,586,스타킹,의류잡화,생활잡화
A03,587,여성타이즈,의류잡화,생활잡화
A03,588,남성일반양말,의류잡화,생활잡화
A03,589,남여속옷세트,의류잡화,생활잡화
A03,590,남성슬리퍼,의류잡화,생활잡화
A03,591,유아동슬리퍼,의류잡화,생활잡화
A03,592,기타여행용가방,의류잡화,생활잡화
A03,593,남성벨트,의류잡화,생활잡화
A03,594,기타모자,의류잡화,생활잡화
A03,595,여성헤어액세서리,의류잡화,생활잡화
A03,596,장우산,의류잡화,생활잡화
A03,597,3단우산,의류잡화,생활잡화
A03,598,2단우산,의류잡화,생활잡화
A03,599,아동우산,의류잡화,생활잡화
A03,600,일회용우산,의류잡화,생활잡화
A03,601,우비,의류잡화,생활잡화
A03,602,기타패션잡화,의류잡화,생활잡화
A03,603,샴푸,두발용품,일상용품
A03,604,린스/컨디셔너,두발용품,일상용품
A03,605,샴푸/린스세트,두발용품,일상용품
A03,606,트리트먼트/팩,두발용품,일상용품
A03,607,헤어에센스,두발용품,일상용품
A03,608,헤어스프레이,두발용품,일상용품
A03,609,헤어무스/젤,두발용품,일상용품
A03,610,헤어왁스,두발용품,일상용품
A03,611,염모제,두발용품,일상용품
A03,612,선물세트,위생용품,일상용품
A03,613,여행용세트,위생용품,일상용품
A03,614,바디워시,위생용품,일상용품
A03,615,바디보습,위생용품,일상용품
A03,616,제모용품,위생용품,일상용품
A03,617,바디패치/팩,위생용품,일상용품
A03,618,핸드워시/손세정제,위생용품,일상용품
A03,619,핸드로션/크림,위생용품,일상용품
A03,620,풋케어,위생용품,일상용품
A03,621,일회용면도기,위생용품,일상용품
A03,622,남성용면도기/날,위생용품,일상용품
A03,623,쉐이빙폼/젤,위생용품,일상용품
A03,624,치약,구강용품,일상용품
A03,625,칫솔,구강용품,일상용품
A03,626,전동칫솔/칫솔모,구강용품,일상용품
A03,627,구강청정제,구강용품,일상용품
A03,628,기타구강관리용품,구강용품,일상용품
A03,629,치약/칫솔세트,구강용품,일상용품
A03,630,생리대,생리용품,일상용품
A03,631,탐폰,생리용품,일상용품
A03,632,팬티라이너,생리용품,일상용품
A03,633,여성세정제,위생용품,일상용품
A03,634,성인용기저귀,생리용품,일상용품
A03,635,성인용일회용팬티,생리용품,일상용품
A03,636,미용비누,위생용품,일상용품
A03,637,페이셜클렌저,위생용품,일상용품
A03,638,스킨/토너,위생용품,일상용품
A03,639,크림/밤/오일,화장품,일상용품
A03,640,페이셜팩류,화장품,일상용품
A03,641,립밤/립스크럽,위생용품,일상용품
A03,642,스킨케어세트,화장품,일상용품
A03,643,선크림류,위생용품,일상용품
A03,644,BB/파운데이션/컴팩트류,화장품,일상용품
A03,645,마스카라,화장품,일상용품
A03,646,립스틱/립라이너,화장품,일상용품
A03,647,립글로즈/틴트,화장품,일상용품
A03,648,일반네일/케어류,화장품,일상용품
A03,649,메탈미용소도구,화장품,일상용품
A03,650,메이크업브러쉬,화장품,일상용품
A03,651,스폰지/퍼프,화장품,일상용품
A03,652,면봉/화장솜,화장품,일상용품
A03,653,남녀공용향수,화장품,일상용품
A03,654,침대,의류잡화,생활잡화
A03,655,선반장/행거,의류잡화,생활잡화
A03,656,수공구,전기전자,생활잡화
A03,657,철물공구,전기전자,생활잡화
A03,658,전기자재,전기전자,생활잡화
A03,659,멀티탭,전기전자,생활잡화
A03,660,건전지,전기전자,생활잡화
A03,661,충전지,전기전자,생활잡화
A03,662,장갑류,전기전자,생활잡화
A03,663,접착제,전기전자,생활잡화
A03,664,분말세탁세제,세탁세제,일상용품
A03,665,액상세탁세제,세탁세제,일상용품
A03,666,세탁비누,세탁세제,일상용품
A03,667,분말표백제,세탁세제,일상용품
A03,668,액상표백제,세탁세제,일상용품
A03,669,부분세탁제,세탁세제,일상용품
A03,670,섬유유연제/향기지속제,세탁세제,일상용품
A03,671,특수용세탁세제,세탁세제,일상용품
A03,672,일반주방세제,주방주거세제,일상용품
A03,673,다목적주방세제,주방주거세제,일상용품
A03,674,주방용청소세제,주방주거세제,일상용품
A03,675,락스,주방주거세제,일상용품
A03,676,곰팡이제거제/차단제,주방주거세제,일상용품
A03,677,욕실전용청소세제,주방주거세제,일상용품
A03,678,세정제,주방주거세제,일상용품
A03,679,광택제,주방주거세제,일상용품
A03,680,롤티슈,화장지,일상용품
A03,681,각티슈/미용티슈,화장지,일상용품
A03,682,물티슈,화장지,일상용품
A03,683,키친타올,화장지,일상용품
A03,684,냅킨,화장지,일상용품
A03,685,방향제,주방주거세제,일상용품
A03,686,탈취제,주방주거세제,일상용품
A03,687,섬유용탈취제,주방주거세제,일상용품
A03,688,제습제,주방주거세제,일상용품
A03,689,파리/모기살충제,주방주거세제,일상용품
A03,690,개미/바퀴살충제,주방주거세제,일상용품
A03,691,방충제,주방주거세제,일상용품
A03,692,밥공기,주방용품,생활잡화
A03,693,국그릇,주방용품,생활잡화
A03,694,대접/볼,주방용품,생활잡화
A03,695,접시,주방용품,생활잡화
A03,696,찬기/종지,주방용품,생활잡화
A03,697,음료용컵,주방용품,생활잡화
A03,698,주류잔,주방용품,생활잡화
A03,699,다기류,주방용품,생활잡화
A03,700,숟가락/젓가락,주방용품,생활잡화
A03,701,포크/나이프,주방용품,생활잡화
A03,702,유아동식기/식판,주방용품,생활잡화
A03,703,유아동숟가락/젓가락/포크,주방용품,생활잡화
A03,704,물병,주방용품,생활잡화
A03,705,과실주병,주방용품,생활잡화
A03,706,보온병/텀블러,주방용품,생활잡화
A03,707,도시락/찬합,주방용품,생활잡화
A03,708,양념통,주방용품,생활잡화
A03,709,반찬통/밀폐용기,주방용품,생활잡화
A03,710,냄비,주방용품,생활잡화
A03,711,뚝배기,주방용품,생활잡화
A03,712,압력솥,주방용품,생활잡화
A03,713,솥,주방용품,생활잡화
A03,714,주전자,주방용품,생활잡화
A03,715,프라이팬,주방용품,생활잡화
A03,716,그릴/구이불판,주방용품,생활잡화
A03,717,원예식물,양채류,채소
A03,718,원예공구/살수용품,레저취미,생활잡화
A03,719,애견사료,레저취미,생활잡화
A03,720,애견간식,레저취미,생활잡화
A03,721,애견목욕/위생용품,레저취미,생활잡화
A03,722,애견배변용품,레저취미,생활잡화
A03,723,애견장난감/훈련,레저취미,생활잡화
A03,724,고양이사료,레저취미,생활잡화
A03,725,고양이간식,레저취미,생활잡화
A03,726,고양이모래/배변용품,레저취미,생활잡화
A03,727,관상어용품,레저취미,생활잡화
A03,728,곤충용품,레저취미,생활잡화
A03,729,방풍/단열/방충,전기전자,생활잡화
A03,730,조명등기구,전기전자,생활잡화
A03,731,일반램프,전기전자,생활잡화
A03,732,LED램프,전기전자,생활잡화
A03,733,플래쉬/랜턴,전기전자,생활잡화
A03,734,와이퍼,레저취미,생활잡화
A03,735,기타자동차정비용품,레저취미,생활잡화
A03,736,차량용충전기,레저취미,생활잡화
A03,737,스노우체인,레저취미,생활잡화
A03,738,제설용품,레저취미,생활잡화
A03,739,세차도구,레저취미,생활잡화
A03,740,세차수건,레저취미,생활잡화
A03,741,워셔액,레저취미,생활잡화
A03,742,차량용방향/제취제,레저취미,생활잡화
A03,743,실내액세서리편의용품,레저취미,생활잡화
A03,744,실외액세서리편의용품,레저취미,생활잡화
A03,745,주방칼/가위,주방용품,생활잡화
A03,746,채칼/강판/절구,주방용품,생활잡화
A03,747,도마,주방용품,생활잡화
A03,748,국자/뒤지개/주걱,주방용품,생활잡화
A03,749,오프너/와인스크류,주방용품,생활잡화
A03,750,양푼/믹싱볼,주방용품,생활잡화
A03,751,채반/바구니/쟁반,주방용품,생활잡화
A03,752,얼음/빙수용품,주방용품,생활잡화
A03,753,커피용품,주방용품,생활잡화
A03,754,기타조리도구,주방용품,생활잡화
A03,755,식기건조대/수저통,주방용품,생활잡화
A03,756,고무장갑,주방용품,생활잡화
A03,757,수세미/솔,주방용품,생활잡화
A03,758,행주,주방용품,생활잡화
A03,759,호일/랩/기름종이,주방용품,생활잡화
A03,760,지퍼백/비닐백,주방용품,생활잡화
A03,761,비닐장갑,주방용품,생활잡화
A03,762,싱크대/배수구용품,주방용품,생활잡화
A03,763,장바구니,주방용품,생활잡화
A03,764,핸드카트,주방용품,생활잡화
A03,765,테이블데코,주방용품,생활잡화
A03,766,기타주방정리용품/소모품,주방용품,생활잡화
A03,767,종이컵,주방용품,생활잡화
A03,768,일회용용기,주방용품,생활잡화
A03,769,일회용젓가락/숟가락,주방용품,생활잡화
A03,770,기타주방일회용품,주방용품,생활잡화
A03,771,밀대청소기,청소욕실용품,생활잡화
A03,772,걸레/청소포,청소욕실용품,생활잡화
A03,773,빗자루/쓰레받이,청소욕실용품,생활잡화
A03,774,휴지통,청소욕실용품,생활잡화
A03,775,테이프크리너,청소욕실용품,생활잡화
A03,776,종량제봉투,청소욕실용품,생활잡화
A03,777,기타청소용품,청소욕실용품,생활잡화
A03,778,바구니,청소욕실용품,생활잡화
A03,779,옷걸이,청소욕실용품,생활잡화
A03,780,기타정리용품,청소욕실용품,생활잡화
A03,781,빨래건조대,청소욕실용품,생활잡화
A03,782,다림판,청소욕실용품,생활잡화
A03,783,세탁/건조보조용품,청소욕실용품,생활잡화
A03,784,수건,청소욕실용품,생활잡화
A03,785,목욕타올,청소욕실용품,생활잡화
A03,786,욕실발판,청소욕실용품,생활잡화
A03,787,변기시트/커버,청소욕실용품,생활잡화
A03,788,욕실화,청소욕실용품,생활잡화
A03,789,욕실소품,청소욕실용품,생활잡화
A03,790,수도용품,전기전자,생활잡화
A03,791,성인이불/이불커버,의류잡화,생활잡화
A03,792,연필,문화용품,생활잡화
A03,793,볼펜,문화용품,생활잡화
A03,794,매직/보드마카,문화용품,생활잡화
A03,795,형광펜,문화용품,생활잡화
A03,796,샤프/샤프심,문화용품,생활잡화
A03,797,수정용품,문화용품,생활잡화
A03,798,물감,문화용품,생활잡화
A03,799,색연필,문화용품,생활잡화
A03,800,채색도구,문화용품,생활잡화
A03,801,스케치북,문화용품,생활잡화
A03,802,도화지/미술용지,문화용품,생활잡화
A03,803,색종이,문화용품,생활잡화
A03,804,다이어리,문화용품,생활잡화
A03,805,수첩메모,문화용품,생활잡화
A03,806,일반노트,문화용품,생활잡화
A03,807,초등노트,문화용품,생활잡화
A03,808,자석놀이,문화용품,생활잡화
A03,809,테이프,문화용품,생활잡화
A03,810,풀,문화용품,생활잡화
A03,811,칼/가위,문화용품,생활잡화
A03,812,보드류,문화용품,생활잡화
A03,813,파일/바인더,문화용품,생활잡화
A03,814,기타일반문구/사무용품,문화용품,생활잡화
A03,815,포스트잇,문화용품,생활잡화
A03,816,견출지/분류스티커,문화용품,생활잡화
A03,817,봉투류,문화용품,생활잡화
A03,818,서식지,문화용품,생활잡화
A03,819,복사용지,문화용품,생활잡화
A03,820,패션스티커,문화용품,생활잡화
A03,821,편지지/편지봉투,문화용품,생활잡화
A03,822,카드,문화용품,생활잡화
A03,823,쇼핑백,문화용품,생활잡화
A03,824,파티장식/소품,문화용품,생활잡화
A03,825,풍선,문화용품,생활잡화
A03,826,화투/카드,문화용품,생활잡화
A03,827,기타파티/팬시용품,문화용품,생활잡화
A03,828,유아서적,문화용품,생활잡화
A03,829,아동서적,문화용품,생활잡화
A03,830,일반서적,문화용품,생활잡화
A03,831,일반교육완구,문화용품,생활잡화
A03,832,자연/과학완구,문화용품,생활잡화
A03,833,미술/창작완구,문화용품,생활잡화
A03,834,스포츠완구,문화용품,생활잡화
A03,835,실외놀이완구,문화용품,생활잡화
A03,836,물놀이용품,문화용품,생활잡화
A03,837,미니자동차,문화용품,생활잡화
A03,838,피규어,문화용품,생활잡화
A03,839,콜렉션인형,문화용품,생활잡화
A03,840,DIY완구,문화용품,생활잡화
A03,841,선풍기,전기전자,생활잡화
A03,842,히터,전기전자,생활잡화
A03,843,전기요,전기전자,생활잡화
A03,844,전기매트,전기전자,생활잡화
A03,845,기타난방가전,전기전자,생활잡화
A03,846,모바일배터리/충전기,전기전자,생활잡화
A03,847,이어폰/헤드폰,전기전자,생활잡화
A03,848,케이스/보호필름,전기전자,생활잡화
A03,849,기타모바일액세서리,전기전자,생활잡화
A03,850,공기청정기,전기전자,생활잡화
A03,851,핸디형청소기,전기전자,생활잡화
A03,852,다리미,전기전자,생활잡화
A03,853,헤어드라이어,전기전자,생활잡화
A02,300,남주니어양말,주니어양말,양말
A03,855,전기밥솥,전기전자,생활잡화
A03,856,인덕션/가스레인지,전기전자,생활잡화
A03,857,요구르트/청국장제조기,전기전자,생활잡화
A03,858,기타주방가전,전기전자,생활잡화
A03,859,저장장치,전기전자,생활잡화
A03,860,마우스,전기전자,생활잡화
A03,861,스피커,전기전자,생활잡화
A03,862,기타컴퓨터액세서리,전기전자,생활잡화
A03,863,기타등산용품,레저취미,생활잡화
A03,864,기타캠핑용품,레저취미,생활잡화
A03,865,일반비타민,건강식품,일반식품
A03,866,건강보조식품세트,건강식품,일반식품
A03,867,홍삼세트,건강식품,일반식품
A03,868,홍삼/인삼혼합세트,건강식품,일반식품
A03,869,토종꿀,건강식품,일반식품
A03,870,양봉꿀,건강식품,일반식품
A03,871,꿀세트,건강식품,일반식품
A03,872,안전상비의약외품,위생용품,일상용품
A03,873,콘돔,위생용품,일상용품
A03,874,건강마스크,전기전자,생활잡화
A03,875,밴드류,위생용품,일상용품
A03,876,렌즈관리용품,위생용품,일상용품
A03,877,손난로/핫팩,레저취미,생활잡화
A03,878,체중계/신장계,전기전자,생활잡화
A03,879,수입담배,담배,일반식품
A03,880,국산담배,담배,일반식품
A03,881,유아용화장품,유아용품,일상용품
A03,882,유아용샴푸/바디워시,유아용품,일상용품
A03,883,유아/아동용치약,유아용품,일상용품
A03,884,유아/아동용칫솔,유아용품,일상용품
A03,885,유아목욕용품,유아용품,일상용품
A03,886,유아용기저귀,유아용품,일상용품
A03,887,유아용물티슈,화장지,일상용품
A03,888,놀이방매트,청소욕실용품,생활잡화
A03,889,목욕용장난감,문화용품,생활잡화
A03,890,유아용세척용품,유아용품,일상용품
A03,891,젖병소독/건조용품,유아용품,일상용품
A03,892,젖병/젖꼭지,유아용품,일상용품
A03,893,교통카드판매,서비스상품,생활잡화
A03,894,공병/공박스,기타음주류,주류
A03,895,생활잡화균일가,가정잡화,생활잡화
A02,1,땅콩,건과,신선건강
A02,2,호두,건과,신선건강
A02,3,건과기타,건과,신선건강
A02,4,일반미,양곡,양곡
A02,5,시금치,잎채소,잎/샐러드채소
A02,6,상추,잎채소,잎/샐러드채소
A02,7,미나리,잎채소,잎/샐러드채소
A02,8,부추,잎채소,잎/샐러드채소
A02,9,쑥갓,잎채소,잎/샐러드채소
A02,10,깻잎,잎채소,잎/샐러드채소
A02,11,아욱,잎채소,잎/샐러드채소
A02,12,근대,잎채소,잎/샐러드채소
A02,13,양배추,잎채소,잎/샐러드채소
A02,14,기타잎채소,잎채소,잎/샐러드채소
A02,15,생나물,나물,두부/콩나물/나물
A02,16,건나물,나물,두부/콩나물/나물
A02,17,파프리카,샐러드채소,잎/샐러드채소
A02,18,양상추,샐러드채소,잎/샐러드채소
A02,19,피자,베이커리,F&B
A02,20,브로콜리,샐러드채소,잎/샐러드채소
A02,21,체/바구니,조리용기,쿠킹&테이블웨어
A02,22,구색양채,샐러드채소,잎/샐러드채소
A02,23,숙주나물,콩나물,두부/콩나물/나물
A02,24,인삼세트,건강선물세트,신선건강
A02,25,한방세트,건강선물세트,신선건강
A02,26,활어회,생선회,생선회
A02,27,일반회,생선회,생선회
A02,28,참치회,생선회,생선회
A02,29,시니어용품,시니어위생용품,위생용품
A02,30,햄버거,Fast Food,테넌트
A02,31,F/F기타,Fast Food,테넌트
A02,32,사진관,편의시설,테넌트
A02,33,안경점,편의시설,테넌트
A02,34,유원시설,편의시설,테넌트
A02,35,케찹,소스류,조미식품
A02,36,마요네즈,소스류,조미식품
A02,37,간장,장류,조미식품
A02,38,고추장,장류,조미식품
A02,39,된장,장류,조미식품
A02,40,쌈장,장류,조미식품
A02,41,춘장,장류,조미식품
A02,42,참기름,식용유지,조미식품
A02,43,조미혼합세트,조미선물세트,조미식품
A02,44,분유,분유,인스턴트
A02,45,이유식,분유,인스턴트
A02,46,과일잼,잼,인스턴트
A02,47,수산통조림,통조림,인스턴트
A02,48,축산물통조림,통조림,인스턴트
A02,49,통조림선물세트,인스턴트선물세트,인스턴트
A02,50,녹차,차,"커피,차"
A02,51,쿠키,비스켓,과자
A02,52,젤리,캔디,과자
A02,53,채소음료,과채음료,음료
A02,54,사이다,탄산음료,음료
A02,55,콜라,탄산음료,음료
A02,56,이온음료,이온음료,음료
A02,57,커피음료,커피차음료,음료
A02,58,차음료,커피차음료,음료
A02,59,의약외품음료,기능성음료,음료
A02,60,병소주,소주,주류
A02,61,페트소주,소주,주류
A02,62,국산맥주,맥주,주류
A02,63,수입맥주,맥주,주류
A02,64,레드와인,와인,주류
A02,65,화이트와인,와인,주류
A02,66,와인선물세트,와인,주류
A02,67,민속주,전통주,주류
A02,68,막걸리,전통주,주류
A02,69,분말세제,세탁세제,세제
A02,70,세탁비누,세탁세제,세제
A02,71,액체세제,세탁세제,세제
A02,72,세탁보조제,세탁세제,세제
A02,73,주거청소세제,주거세제,세제
A02,74,식기세제,주방세제,세제
A02,75,치약,구강용품,구강/헤어
A02,76,칫솔,구강용품,구강/헤어
A02,77,구강청결제,구강용품,구강/헤어
A02,78,헤어스타일링,헤어스타일링,구강/헤어
A02,79,세탁보조용품,세탁용품,청소/수납용품
A02,80,의류수납용품,수납용품,청소/수납용품
A02,81,선반,소가구,인테리어
A02,82,기타소가구,소가구,인테리어
A02,83,액자,장식용품,인테리어
A02,84,시계,장식용품,인테리어
A02,85,연필,필기도구,문구
A02,86,펜,필기도구,문구
A02,87,필통/파우치,필기도구,문구
A02,88,연필깎이,필기도구,문구
A02,89,샤프,필기도구,문구
A02,983,야자,열대과일기타,열대과일
A02,677,테이프크리너,청소편의도구,청소/수납용품
A02,678,음식물봉투,종량제봉투,청소/수납용품
A02,679,재사용봉투,종량제봉투,청소/수납용품
A02,680,종량제봉투,종량제봉투,청소/수납용품
A02,681,거실화,패브릭욕실용품,욕실용품
A02,682,타월,패브릭욕실용품,욕실용품
A02,683,패브릭욕실매트,패브릭욕실용품,욕실용품
A02,684,다용도매트,매트,욕실용품
A02,685,베란다/놀이방매트,매트,욕실용품
A02,686,싱크매트,매트,욕실용품
A02,687,온라인매트,매트,욕실용품
A02,688,프리미엄다용도매트,프리미엄매트,욕실용품
A02,689,프리미엄싱크매트,프리미엄매트,욕실용품
A02,690,발판,일반욕실용품,욕실용품
A02,1302,수입파이,수입과자,과자
A02,1303,온라인수입과자,수입과자,과자
A02,1304,과자선물세트,종합과자,과자
A02,1305,캐릭터과자,종합과자,과자
A02,1306,온라인전통과자,전통과자,과자
A02,1307,팥빙수재료,전통과자,과자
A02,1308,한과,전통과자,과자
A02,1309,화과자,전통과자,과자
A02,1310,란제리행사,언더웨어행사,양말
A02,1311,홈웨어행사,언더웨어행사,양말
A02,1312,내의기타행사,언더웨어행사,양말
A02,1313,친환경김치채소,김치채소,잎/샐러드채소
A02,1314,친환경채소(특약),잎채소,잎/샐러드채소
A02,1315,프라이팬,조리용기,쿠킹&테이블웨어
A02,1316,김특산물,특산물행사,"멸치,황태,미역"
A02,1317,멸치특산물,특산물행사,"멸치,황태,미역"
A02,1318,미역특산물,특산물행사,"멸치,황태,미역"
A02,1319,방충제,살충제,세제
A02,1320,겨울시즌용품,야외/시즌용품,주방잡화
A02,1321,브랜드세트,H&B선물세트,구강/헤어
A02,1322,종합세트,H&B선물세트,구강/헤어
A02,1323,마켓피자,베이커리,F&B
A02,260,아이스크림,디저트,F&B
A02,261,일마레피자,디저트,F&B
A02,262,엠디월드피자,디저트,F&B
A02,263,보네스빼피자,디저트,F&B
A02,264,피자헛익스프레스,디저트,F&B
A02,265,보네스빼,베이커리,F&B
A02,266,빠뮤,베이커리,F&B
A02,267,캐주얼양말,여성양말,양말
A02,268,치간칫솔,구강용품,구강/헤어
A02,269,새치용염색약,헤어스타일링,구강/헤어
A02,270,칼라용염색약,헤어스타일링,구강/헤어
A02,271,일반기획,일반헤어케어,구강/헤어
A02,272,일반샴푸단품,일반헤어케어,구강/헤어
A02,273,일반린스단품,일반헤어케어,구강/헤어
A02,274,온라인일반헤어케어,일반헤어케어,구강/헤어
A02,275,모근/한방샴푸,기능헤어케어,구강/헤어
A02,276,두피샴푸,기능헤어케어,구강/헤어
A02,277,내추럴샴푸,기능헤어케어,구강/헤어
A02,278,스포츠양말,여성양말,양말
A02,279,스니커즈,여성양말,양말
A02,280,정장양말,여성양말,양말
A02,281,반장,여성양말,양말
A02,282,면타이즈,여성양말,양말
A02,283,여성묶음양말,여성양말,양말
A02,284,여성양말기획,여성양말,양말
A02,285,수면양말,여성양말,양말
A02,286,아동캐주얼,아동양말,양말
A02,287,베이비양말,아동양말,양말
A02,288,아동반장,아동양말,양말
A02,289,아동타이즈,아동양말,양말
A02,290,아동스니커즈,아동양말,양말
A02,291,아동양말기획,아동양말,양말
A02,292,아동묶음양말,아동양말,양말
A02,293,아동수면양말,아동양말,양말
A02,294,여성스타킹덧신,덧신,양말
A02,295,여성면덧신,덧신,양말
A02,296,여성양말덧신,덧신,양말
A02,297,남성양말덧신,덧신,양말
A02,298,아동실내덧신,덧신,양말
A02,299,성인실내덧신,덧신,양말
A02,641,온라인수족관용품,수족관용품,애완원예용품
A02,301,여주니어양말,주니어양말,양말
A02,302,주니어캐릭터,주니어양말,양말
A02,303,남성양말선물세트,양말선물세트,양말
A02,304,여성양말선물세트,양말선물세트,양말
A02,305,아동양말선물세트,양말선물세트,양말
A02,306,양말행사,언더웨어행사,양말
A02,307,바캉스슈즈,시즌슈즈,패션슈즈
A02,308,방한슈즈,시즌슈즈,패션슈즈
A02,309,병행수입시즌슈즈,시즌슈즈,패션슈즈
A02,310,런닝화,스포츠슈즈,패션슈즈
A02,311,스니커즈,스포츠슈즈,패션슈즈
A02,312,등산화,스포츠슈즈,패션슈즈
A02,313,기능화,스포츠슈즈,패션슈즈
A02,314,슬리퍼,스포츠슈즈,패션슈즈
A02,315,병행수입스포츠슈즈,스포츠슈즈,패션슈즈
A02,316,아동구두,아동슈즈,패션슈즈
A02,317,아동운동화,아동슈즈,패션슈즈
A02,318,아동실내화,아동슈즈,패션슈즈
A02,319,아동시즌슈즈,아동슈즈,패션슈즈
A02,320,병행수입아동슈즈,아동슈즈,패션슈즈
A02,321,캐주얼단화,캐주얼슈즈,패션슈즈
A02,322,캐주얼샌들,캐주얼슈즈,패션슈즈
A02,323,캐주얼부츠,캐주얼슈즈,패션슈즈
A02,324,드레스화,캐주얼슈즈,패션슈즈
A02,325,즉석어포,즉석구이안주,마른안주
A02,326,슈케어용품,슈즈용품,패션슈즈
A02,327,풋케어용품,슈즈용품,패션슈즈
A02,328,드레스화브랜드,드레스화브랜드,슈즈브랜드
A02,329,드레스화브랜드행사,드레스화브랜드,슈즈브랜드
A02,330,캐주얼화브랜드,캐주얼화브랜드,슈즈브랜드
A02,331,캐주얼화브랜드행사,캐주얼화브랜드,슈즈브랜드
A02,332,아동화브랜드,아동화브랜드,슈즈브랜드
A02,333,아동화브랜드행사,아동화브랜드,슈즈브랜드
A02,334,슈즈행사,슈즈행사,슈즈브랜드
A02,335,준보석브랜드,준보석,잡화브랜드
A02,336,시계브랜드,시계,잡화브랜드
A02,337,액세서리브랜드,액세서리,잡화브랜드
A02,338,액세서리편집,액세서리,잡화브랜드
A02,339,선글라스브랜드,액세서리,잡화브랜드
A02,340,선글라스편집,액세서리,잡화브랜드
A02,341,여성벨트,지갑/벨트,BAG & ACC
A02,342,남성벨트,지갑/벨트,BAG & ACC
A02,343,서류가방,가방,BAG & ACC
A02,344,학생가방,가방,BAG & ACC
A02,345,캐주얼가방,가방,BAG & ACC
A02,346,아동가방,가방,BAG & ACC
A02,347,온라인가방,가방,BAG & ACC
A02,348,여행가방,TRAVEL,BAG & ACC
A02,349,여행용품,TRAVEL,BAG & ACC
A02,350,액세서리행사,미입점행사,잡화브랜드
A02,351,피혁행사,미입점행사,잡화브랜드
A02,352,명품행사,미입점행사,잡화브랜드
A02,353,선글라스행사,미입점행사,잡화브랜드
A02,354,멀티샵브랜드,잡화멀티샵,잡화브랜드
A02,355,캐릭터브랜드,잡화멀티샵,잡화브랜드
A02,356,피혁브랜드,피혁브랜드,잡화브랜드
A02,357,명품브랜드,피혁브랜드,잡화브랜드
A02,358,여행가방브랜드,가방브랜드,잡화브랜드
A02,359,캐주얼가방브랜드,가방브랜드,잡화브랜드
A02,360,아동모,모자,BAG & ACC
A02,361,시즌모,모자,BAG & ACC
A02,362,야구모,모자,BAG & ACC
A02,363,벙거지,모자,BAG & ACC
A02,364,헤드웨어,모자,BAG & ACC
A02,365,우산,우산/양산,BAG & ACC
A02,366,양산,우산/양산,BAG & ACC
A02,367,우의,우산/양산,BAG & ACC
A02,368,장화,우산/양산,BAG & ACC
A02,369,스카프,시즌잡화,BAG & ACC
A02,370,머플러,시즌잡화,BAG & ACC
A02,371,워머,시즌잡화,BAG & ACC
A02,372,시즌소품,시즌잡화,BAG & ACC
A02,373,아동장갑,장갑,BAG & ACC
A02,374,가죽장갑,장갑,BAG & ACC
A02,375,캐주얼장갑,장갑,BAG & ACC
A02,376,모장갑,장갑,BAG & ACC
A02,377,유아브랜드,유아브랜드,아동유아브랜드
A02,378,토들러,아동브랜드,아동유아브랜드
A02,379,키즈,아동브랜드,아동유아브랜드
A02,380,주니어,아동브랜드,아동유아브랜드
A02,381,아동행사,아동브랜드,아동유아브랜드
A02,382,컨셉편집,아동복합샵,아동유아브랜드
A02,383,카테고리킬러,아동복합샵,아동유아브랜드
A02,384,영컨셉,여성캐주얼브랜드,여성의류브랜드
A02,385,미시,여성캐주얼브랜드,여성의류브랜드
A02,386,마담,여성캐주얼브랜드,여성의류브랜드
A02,387,여성행사,여성캐주얼브랜드,여성의류브랜드
A02,388,SPA,이지캐주얼브랜드,여성의류브랜드
A02,389,유니섹스,이지캐주얼브랜드,여성의류브랜드
A02,390,스타일리쉬,이지캐주얼브랜드,여성의류브랜드
A02,391,진캐주얼,이지캐주얼브랜드,여성의류브랜드
A02,392,이지행사,이지캐주얼브랜드,여성의류브랜드
A02,393,여성편집,스트리트편집샵,여성의류브랜드
A02,394,SPICY 편집,스트리트편집샵,여성의류브랜드
A02,395,SPA,복합샵,남성의류브랜드
A02,396,셔츠,비즈니스정장,남성의류브랜드
A02,397,캐릭터정장,비즈니스정장,남성의류브랜드
A02,398,포말정장,비즈니스정장,남성의류브랜드
A02,399,타운캐주얼,시티캐주얼,남성의류브랜드
A02,400,골프캐주얼,시티캐주얼,남성의류브랜드
A02,401,시즌행사,시티캐주얼,남성의류브랜드
A02,402,마담/어덜트상의,마담/어덜트,여성의류편집
A02,403,마담/어덜트하의,마담/어덜트,여성의류편집
A02,404,마담/어덜트원피스,마담/어덜트,여성의류편집
A02,405,마담/어덜트아우터,마담/어덜트,여성의류편집
A02,406,마담/어덜트특정,마담/어덜트,여성의류편집
A02,407,미시캐주얼상의,미시캐주얼,여성의류편집
A02,408,미시캐주얼하의,미시캐주얼,여성의류편집
A02,409,미시캐주얼원피스,미시캐주얼,여성의류편집
A02,410,미시캐주얼아우터,미시캐주얼,여성의류편집
A02,411,여성베이직상의,여성베이직,여성의류편집
A02,412,여성이지캐주얼상의,여성이지캐주얼,여성의류편집
A02,413,여성이지캐주얼하의,여성이지캐주얼,여성의류편집
A02,414,여성이지캐주얼원피스,여성이지캐주얼,여성의류편집
A02,415,여성이지캐주얼아우터,여성이지캐주얼,여성의류편집
A02,416,아동병행수입,병행수입,남성의류편집
A02,417,남성베이직상의,남성베이직,남성의류편집
A02,418,남성스포츠상의,남성스포츠,남성의류편집
A02,419,남성스포츠하의,남성스포츠,남성의류편집
A02,420,남성스포츠아우터,남성스포츠,남성의류편집
A02,421,남성어덜트캐주얼상의,남성어덜트캐주얼,남성의류편집
A02,422,남성어덜트캐주얼하의,남성어덜트캐주얼,남성의류편집
A02,423,남성어덜트캐주얼아우터,남성어덜트캐주얼,남성의류편집
A02,424,남성이지캐주얼상의,남성이지캐주얼,남성의류편집
A02,425,남성이지캐주얼하의,남성이지캐주얼,남성의류편집
A02,426,남성이지캐주얼아우터,남성이지캐주얼,남성의류편집
A02,427,유아용품,유아용품,아동유아편집
A02,428,유아토들러내의,유아토들러,아동유아편집
A02,429,유아토들러상의,유아토들러,아동유아편집
A02,430,유아토들러상하복,유아토들러,아동유아편집
A02,431,유아토들러아우터,유아토들러,아동유아편집
A02,432,유아토들러하의,유아토들러,아동유아편집
A02,433,주니어스포츠상의,주니어스포츠,아동유아편집
A02,434,주니어스포츠상하복,주니어스포츠,아동유아편집
A02,435,주니어스포츠아우터,주니어스포츠,아동유아편집
A02,436,주니어스포츠하의,주니어스포츠,아동유아편집
A02,437,주니어상의,주니어웨어,아동유아편집
A02,438,주니어아우터,주니어웨어,아동유아편집
A02,439,주니어하의,주니어웨어,아동유아편집
A02,440,브랜드,윈터스포츠,시즌스포츠
A02,441,스키/보드용품,윈터스포츠,시즌스포츠
A02,442,스키/보드의류,윈터스포츠,시즌스포츠
A02,443,브랜드,워터스포츠,시즌스포츠
A02,444,물놀이용품,워터스포츠,시즌스포츠
A02,445,패션수영복,워터스포츠,시즌스포츠
A02,446,워터스포츠용품,워터스포츠,시즌스포츠
A02,447,인라인스케이트,롤러보드,스포츠용품
A02,448,보드류,롤러보드,스포츠용품
A02,449,롤러보드용품,롤러보드,스포츠용품
A02,450,팀유니폼,구기용품,스포츠용품
A02,451,브랜드,브랜드,아웃도어
A02,452,미입점행사,브랜드,아웃도어
A02,453,등산의류,등산,아웃도어
A02,454,등산화,등산,아웃도어
A02,455,등산배낭,등산,아웃도어
A02,456,등산소품,등산,아웃도어
A02,457,캠핑취사용품,캠핑,아웃도어
A02,458,캠핑퍼니처용품,캠핑,아웃도어
A02,459,캠핑텐트류,캠핑,아웃도어
A02,460,캠핑소품,캠핑,아웃도어
A02,461,배드민턴용품,라켓스포츠,스포츠용품
A02,462,테니스용품,라켓스포츠,스포츠용품
A02,463,탁구용품,라켓스포츠,스포츠용품
A02,464,웨이트용품,헬스용품,스포츠용품
A02,465,피트니스용품,헬스용품,스포츠용품
A02,466,측정용품,헬스용품,스포츠용품
A02,467,보호대용품,헬스용품,스포츠용품
A02,468,기타헬스용품,헬스용품,스포츠용품
A02,469,안마용품,시니어건강용품,스포츠용품
A02,470,생활용품,시니어건강용품,스포츠용품
A02,471,일반자전거,자전거,스포츠용품
A02,472,브랜드,스포츠의류,스포츠용품
A02,473,기능성의류,스포츠의류,스포츠용품
A02,474,기타스포츠의류,스포츠의류,스포츠용품
A02,475,스포츠장갑,스포츠ACC,스포츠용품
A02,476,스포츠양말,스포츠ACC,스포츠용품
A02,477,스포츠가방,스포츠ACC,스포츠용품
A02,478,기타스포츠ACC,스포츠ACC,스포츠용품
A02,479,브랜드,브랜드,스포츠브랜드
A02,480,미입점행사,브랜드,스포츠브랜드
A02,481,브랜드기획,브랜드,스포츠브랜드
A02,482,브랜드,골프,스포츠브랜드
A02,483,골프공,골프,스포츠브랜드
A02,484,골프장갑,골프,스포츠브랜드
A02,485,골프화,골프,스포츠브랜드
A02,486,골프백,골프,스포츠브랜드
A02,487,골프소품,골프,스포츠브랜드
A02,488,일반섬유유연제,섬유유연제,세제
A02,489,고농축섬유유연제,섬유유연제,세제
A02,490,일반표백제,표백제,세제
A02,491,고농축표백제,표백제,세제
A02,492,락스,주거세제,세제
A02,493,파리모기살충제,살충제,세제
A02,494,바퀴개미살충제,살충제,세제
A02,495,탈취제,탈취제,세제
A02,496,제습제,제습제,세제
A02,497,천연세정제,주방세제,세제
A02,498,유아기저귀,유아위생용품,위생용품
A02,499,온라인유아기저귀,유아위생용품,위생용품
A02,500,유아세제,유아위생용품,위생용품
A02,501,수유용품,유아위생용품,위생용품
A02,502,유아용품,유아위생용품,위생용품
A02,503,환자용위생용품,시니어위생용품,위생용품
A02,504,요실금용위생용품,시니어위생용품,위생용품
A02,505,일반생리대,여성위생용품,위생용품
A02,506,탐폰형생리대,여성위생용품,위생용품
A02,507,팬티라이너,여성위생용품,위생용품
A02,508,가정용화장지,화장지,위생용품
A02,509,업소용화장지,화장지,위생용품
A02,510,즉석오징어,즉석구이안주,마른안주
A02,511,키친타올,키친타올,위생용품
A02,512,냅킨,키친타올,위생용품
A02,513,유아물티슈,물티슈,위생용품
A02,514,일반물티슈,물티슈,위생용품
A02,515,기능성물티슈,물티슈,위생용품
A02,516,온라인물티슈,물티슈,위생용품
A02,517,미용티슈,미용티슈,위생용품
A02,518,여행용미용티슈,미용티슈,위생용품
A02,519,생활도자기,그릇/수저,쿠킹&테이블웨어
A02,520,브랜드도자기,그릇/수저,쿠킹&테이블웨어
A02,521,수저,그릇/수저,쿠킹&테이블웨어
A02,522,컵,그릇/수저,쿠킹&테이블웨어
A02,523,텀블러,그릇/수저,쿠킹&테이블웨어
A02,524,제빵용품,그릇/수저,쿠킹&테이블웨어
A02,525,커피/티용품,그릇/수저,쿠킹&테이블웨어
A02,526,테이블장식용품,그릇/수저,쿠킹&테이블웨어
A02,527,온라인그릇/수저,그릇/수저,쿠킹&테이블웨어
A02,528,기능성우유,흰우유,데일리
A02,529,유아수저,유아식기,쿠킹&테이블웨어
A02,530,유아그릇,유아식기,쿠킹&테이블웨어
A02,531,유아물병,유아식기,쿠킹&테이블웨어
A02,532,국산고등어,고등어/삼치,일반생선
A02,533,국산고등어자반,고등어/삼치,일반생선
A02,534,국산삼치,고등어/삼치,일반생선
A02,535,친환경우유,흰우유,데일리
A02,536,어린이우유,흰우유,데일리
A02,537,멸균흰우유,흰우유,데일리
A02,538,과일맛우유,가공우유,데일리
A02,539,커피/초코우유,가공우유,데일리
A02,540,견과우유/냉장두유,가공우유,데일리
A02,541,멸균가공우유,가공우유,데일리
A02,1103,Local아욱,LOCAL잎채소,잎/샐러드채소
A02,1104,Local양배추,LOCAL잎채소,잎/샐러드채소
A02,1105,Local갓,LOCAL김치채소,잎/샐러드채소
A02,1106,Local배추,LOCAL김치채소,잎/샐러드채소
A02,1107,Local얼갈이,LOCAL김치채소,잎/샐러드채소
A02,1108,Local열무,LOCAL김치채소,잎/샐러드채소
A02,1109,간편구색,샐러드/간편채소,잎/샐러드채소
A02,1110,간편양념,샐러드/간편채소,잎/샐러드채소
A02,1111,드레싱,샐러드/간편채소,잎/샐러드채소
A02,1112,샐러드,샐러드/간편채소,잎/샐러드채소
A02,1113,남성바디케어,남성용품,Beauty&Aroma
A02,1114,남성헤어케어,남성용품,Beauty&Aroma
A02,1115,남성훼이셜케어,남성용품,Beauty&Aroma
A02,1116,면도기,남성용품,Beauty&Aroma
A02,1117,면도보조용품,남성용품,Beauty&Aroma
A02,1118,의약외품,개인위생용품,Beauty&Aroma
A02,1119,기타 바디케어,바디케어,Beauty&Aroma
A02,1120,미용비누,바디케어,Beauty&Aroma
A02,1121,바디스킨케어,바디케어,Beauty&Aroma
A02,1122,바디클린져,바디케어,Beauty&Aroma
A02,1123,핸드워시,바디케어,Beauty&Aroma
A02,1124,마스크팩,훼이셜케어,Beauty&Aroma
A02,1125,성인스킨케어,훼이셜케어,Beauty&Aroma
A02,1126,온라인스킨케어,훼이셜케어,Beauty&Aroma
A02,1127,코스메슈티컬,훼이셜케어,Beauty&Aroma
A02,1128,틴스킨케어,훼이셜케어,Beauty&Aroma
A02,1129,훼이셜클렌저,훼이셜케어,Beauty&Aroma
A02,1130,베이비스킨케어,베이비케어,Beauty&Aroma
A02,1131,베이비클렌저,베이비케어,Beauty&Aroma
A02,1132,임산부케어,베이비케어,Beauty&Aroma
A02,1133,네일케어,풋/핸드케어,Beauty&Aroma
A02,1134,풋케어,풋/핸드케어,Beauty&Aroma
A02,1135,핸드케어,풋/핸드케어,Beauty&Aroma
A02,1136,기타미용소품,미용소품,Beauty&Aroma
A02,1137,메이크업브러쉬,미용소품,Beauty&Aroma
A02,1138,메탈,미용소품,Beauty&Aroma
A02,1139,분첩,미용소품,Beauty&Aroma
A02,1140,여행용품,미용소품,Beauty&Aroma
A02,1141,용기,미용소품,Beauty&Aroma
A02,1142,클렌징,미용소품,Beauty&Aroma
A02,1143,헤어브러쉬/거울,미용소품,Beauty&Aroma
A02,1144,헤어용품,미용소품,Beauty&Aroma
A02,1145,화장솜/면봉,미용소품,Beauty&Aroma
A02,1146,디퓨져,아로마,Beauty&Aroma
A02,1147,방향제,아로마,Beauty&Aroma
A02,1148,온라인아로마,아로마,Beauty&Aroma
A02,1149,입욕제,아로마,Beauty&Aroma
A02,1150,향수,아로마,Beauty&Aroma
A02,1151,향초,아로마,Beauty&Aroma
A02,1152,남성화장품,기초화장품,브랜드화장품
A02,1153,여성화장품,기초화장품,브랜드화장품
A02,1154,일반화장품,기초화장품,브랜드화장품
A02,1155,기타색조화장품,색조화장품,브랜드화장품
A02,1156,네일,색조화장품,브랜드화장품
A02,1157,립,색조화장품,브랜드화장품
A02,1158,베이스,색조화장품,브랜드화장품
A02,1159,블러셔,색조화장품,브랜드화장품
A02,1160,아이,색조화장품,브랜드화장품
A02,1161,드럭스토어,드럭스토어,브랜드화장품
A02,1162,온라인화장품,온라인화장품,브랜드화장품
A02,1163,과일음료,냉장음료,데일리
A02,1164,과채음료,냉장음료,데일리
A02,1165,냉장차음료,냉장음료,데일리
A02,1166,냉장커피음료,냉장음료,데일리
A02,1167,수입냉장음료,냉장음료,데일리
A02,1168,기타고급유,식용유지,조미식품
A02,1169,올리브유,식용유지,조미식품
A02,1170,일반유,식용유지,조미식품
A02,1171,카놀라유,식용유지,조미식품
A02,1172,포도씨유,식용유지,조미식품
A02,1173,식용유지세트,조미선물세트,조미식품
A02,1174,스프레드,잼,인스턴트
A02,1175,과일통조림,통조림,인스턴트
A02,1176,참치통조림,통조림,인스턴트
A02,1177,채소통조림,통조림,인스턴트
A02,1178,혼합선물세트,인스턴트선물세트,인스턴트
A02,1179,티백차,차,"커피,차"
A02,1180,국산초콜릿,초콜릿,과자
A02,1181,초콜릿바,초콜릿,과자
A02,1182,일반껌,껌,과자
A02,1183,국내생수,생수,음료
A02,1184,수입생수,생수,음료
A02,1185,탄산수,생수,음료
A02,1186,과일음료,과채음료,음료
A02,1187,과채혼합음료,과채음료,음료
A02,1188,어린이음료,과채음료,음료
A02,1189,혼합음료,커피차음료,음료
A02,1190,기능성건강음료,기능성음료,음료
A02,691,변기커버,일반욕실용품,욕실용품
A02,692,샤워커튼,일반욕실용품,욕실용품
A02,693,샤워타월,일반욕실용품,욕실용품
A02,694,욕실소품,일반욕실용품,욕실용품
A02,695,욕실화,일반욕실용품,욕실용품
A02,696,욕실수납용품,DIY욕실용품,욕실용품
A02,697,메탈호스,수도용품,욕실용품
A02,698,샤워헤드,수도용품,욕실용품
A02,699,수전,수도용품,욕실용품
A02,700,다이닝테이블,테이블,인테리어
A02,701,책상,테이블,인테리어
A02,702,간이의자,의자,인테리어
A02,703,좌식의자,의자,인테리어
A02,704,책상의자,의자,인테리어
A02,705,교자상,상,인테리어
A02,706,다용도상,상,인테리어
A02,707,제기세트,제기용품,인테리어
A02,708,제기소품,제기용품,인테리어
A02,709,야외용의자,아웃도어퍼니처,인테리어
A02,710,야외용테이블,아웃도어퍼니처,인테리어
A01,263,ANDZ,남성 트랜디,남성의류
A01,264,엠비오,남성 트랜디,남성의류
A01,265,레노마,남성 트랜디,남성의류
A01,266,BON,남성 트랜디,남성의류
A01,267,코모도스퀘어,남성 트랜디,남성의류
A01,268,지오송지오,남성 트랜디,남성의류
A01,269,이지오,남성 트랜디,남성의류
A01,270,워모,남성 트랜디,남성의류
A01,271,TNGT,남성 트랜디,남성의류
A01,272,킨록by킨록앤더슨,남성 트랜디,남성의류
A01,273,TI포맨,남성 트랜디,남성의류
A01,274,커스텀멜로우,남성 트랜디,남성의류
A01,275,시리즈,남성 트랜디,남성의류
A01,276,레드옥스,남성 트랜디,남성의류
A01,277,S+by트루젠,남성 트랜디,남성의류
A01,278,리버클래시,남성 트랜디,남성의류
A01,279,DKNY,남성 트랜디,남성의류
A01,280,IMZ프리미엄,남성 트랜디,남성의류
A01,281,Theory,캐주얼,여성의류
A01,282,반하트디알바자,남성 트랜디,남성의류
A01,283,솔리드옴므,남성 트랜디,남성의류
A01,284,질스튜어트NY,남성 트랜디,남성의류
A01,285,캘빈클라인,남성 트랜디,남성의류
A01,286,클럽모나코,남성 트랜디,남성의류
A01,287,타임옴므,남성 트랜디,남성의류
A01,288,휴고보스,남성 트랜디,남성의류
A01,289,트래디셔널Ⅱ,트래디셔널,남성의류
A01,290,교복,교복,남성의류
A01,291,PAT,남성 트랜디,남성의류
A01,292,비지니스군,셔츠,남성의류
A01,293,셔츠고정행사,셔츠,남성의류
A01,294,셔츠단기행사,셔츠,남성의류
A01,295,남성잡화 ACC,셔츠,남성의류
A01,296,갤럭시라이프스타일,남성캐주얼,남성의류
A01,297,로가디스그린,남성캐주얼,남성의류
A01,298,일꼬르소,남성캐주얼,남성의류
A01,299,클럽캠브리지,남성캐주얼,남성의류
A01,300,프랑코페라로,남성캐주얼,남성의류
A01,301,인디안,남성캐주얼,남성의류
A01,302,에디션,남성캐주얼,남성의류
A01,303,벨라모,남성캐주얼,남성의류
A01,304,프로메이드,남성캐주얼,남성의류
A01,305,옴스,남성캐주얼,남성의류
A01,306,피에르가르뎅,남성캐주얼,남성의류
A01,307,아웃도아,스포츠,스포츠
A01,308,수영복,스포츠,스포츠
A01,309,휘트니스,스포츠,스포츠
A01,310,가 방,스포츠,스포츠
A01,311,운동용품,스포츠,스포츠
A01,312,스포츠용품,스포츠,스포츠
A01,313,스키,스포츠,스포츠
A01,314,고정행사(레져),스포츠,스포츠
A01,315,단기행사(레져),스포츠,스포츠
A01,316,선글라스,스포츠,스포츠
A01,317,등산화,스포츠,스포츠
A01,318,L/C 아웃도어,스포츠,스포츠
A01,319,직수입 아웃도어,스포츠,스포츠
A01,320,el Trail,남성캐주얼,남성의류
A01,321,el Travel,트래디셔널,남성의류
A01,322,OUTDOOR+1,남성캐주얼,남성의류
A01,323,노스페이스,스포츠,스포츠
A01,324,에이글,스포츠,스포츠
A01,325,코오롱스포츠,스포츠,스포츠
A01,326,K2,스포츠,스포츠
A01,327,아이더,스포츠,스포츠
A01,328,블랙야크,스포츠,스포츠
A01,38,안주류,수산품,식품
A02,1325,캐릭터침구,아동침구,침구
A02,1326,냉동면,냉동HMR,가공HMR
A02,1327,냉동밥,냉동HMR,가공HMR
A02,1328,온라인양곡,온라인양곡,양곡
A02,1329,냉동양념육,양념육,양념육가공
A02,1330,냉동육가공품,육가공품,양념육가공
A02,1331,해초,나물,두부/콩나물/나물
A02,1332,피자,피자,F&B
A02,1333,일마레,피자,F&B
A02,1334,엠디월드,피자,F&B
A02,1335,보네스빼,피자,F&B
A02,1336,베이커리,베이커리,F&B
A02,1337,기타편의시설,편의시설,테넌트
A02,1338,캔들,판매시설,테넌트
A02,1339,Digital Accessory,음반영상,"서적,음반"
A02,1340,기타F/F,패스트푸드,FOOD COURT
A02,1341,피자레스토랑,레스토랑,FOOD COURT
A02,1342,뷔페레스토랑,레스토랑,FOOD COURT
A02,1343,한식레스토랑,레스토랑,FOOD COURT
A02,1344,중식레스토랑,레스토랑,FOOD COURT
A02,1345,일식레스토랑,레스토랑,FOOD COURT
A02,1346,양식레스토랑,레스토랑,FOOD COURT
A02,1347,기타레스토랑,레스토랑,FOOD COURT
A02,1348,커피,카페,FOOD COURT
A02,1349,생과일,카페,FOOD COURT
A02,1350,아이스크림,카페,FOOD COURT
A02,1351,에스마켓,스포츠브랜드편집,스포츠브랜드
A02,1352,친환경잎채소,잎채소,잎/샐러드채소
A02,1353,국산대구,대구,일반생선
A02,1354,국산도미,도미/민어,일반생선
A02,1355,국산민어,도미/민어,일반생선
A02,1356,국산청어,기타구색생선,일반생선
A02,1357,국산금태,기타구색생선,일반생선
A02,1358,국산우럭,기타구색생선,일반생선
A02,1359,국산임연수어,기타구색생선,일반생선
A02,1360,국산아귀,기타구색생선,일반생선
A02,1361,국산병어,기타구색생선,일반생선
A02,1362,국산기타구색생선,기타구색생선,일반생선
A02,1363,국산꽁치,꽁치/가자미,일반생선
A02,1364,국산가자미,꽁치/가자미,일반생선
A02,1365,국산오징어,오징어,일반생선
A02,1366,국산참조기,조기/명태,일반생선
A02,1367,부세조기,조기/명태,일반생선
A02,1368,국산백조기,조기/명태,일반생선
A02,1369,긴가이석태,조기/명태,일반생선
A02,1370,영상가이석태,조기/명태,일반생선
A02,1371,기타조기,조기/명태,일반생선
A02,1372,국산명태,조기/명태,일반생선
A02,1373,국산꽃게,국산게/갈치,일반생선
A02,1374,국산대게,국산게/갈치,일반생선
A02,1375,국산홍게,국산게/갈치,일반생선
A02,1376,국산갈치,국산게/갈치,일반생선
A02,1377,수입생물연어,수입연어,수입생선
A02,1378,수입냉동연어,수입연어,수입생선
A02,1379,수입냉동고등어,수입고등어,수입생선
A02,1380,수입고등어자반,수입고등어,수입생선
A02,1381,수입냉동갈치,수입갈치,수입생선
A02,1382,랍스터,수입게,수입생선
A02,1383,킹크랩,수입게,수입생선
A02,1384,대게,수입게,수입생선
A02,1385,수입꽁치,수입기타생선,수입생선
A02,1386,수입가자미,수입기타생선,수입생선
A02,1387,수입임연수어,수입기타생선,수입생선
A02,1388,수입명태,수입기타생선,수입생선
A02,1389,수입구색생선,수입기타생선,수입생선
A02,1390,냉동규격전감,냉동규격생선,규격/간편조리생선
A02,1391,냉동기타규격생선,냉동규격생선,규격/간편조리생선
A02,1392,냉동규격연어,냉동규격생선,규격/간편조리생선
A02,1393,냉동규격연체류,냉동규격해물,규격/간편조리생선
A02,1394,냉동규격날치알,냉동규격해물,규격/간편조리생선
A02,1395,냉동규격새우,냉동규격해물,규격/간편조리생선
A02,1396,냉동규격패류,냉동규격해물,규격/간편조리생선
A02,1397,규격갈치선물세트,규격생선선물세트,규격/간편조리생선
A02,1398,규격옥돔선물세트,규격생선선물세트,규격/간편조리생선
A02,1399,냉장규격연어,냉장규격생선,규격/간편조리생선
A02,1400,냉장규격고등어,냉장규격생선,규격/간편조리생선
A02,1401,냉장규격기타생선,냉장규격생선,규격/간편조리생선
A02,1402,찌개/탕(냉장),규격RTC,규격/간편조리생선
A02,1403,볶음류(냉장),규격RTC,규격/간편조리생선
A02,1404,규격소스류,규격RTC,규격/간편조리생선
A02,1405,즉석탕행사,간편조리행사,규격/간편조리생선
A02,1406,즉석볶음행사,간편조리행사,규격/간편조리생선
A02,1407,모둠초밥,생선초밥,생선회
A02,1408,활어초밥,생선초밥,생선회
A02,1409,회재료,기타회,생선회
A02,1410,장어류,기타회,생선회
A02,1411,모둠회,생선회,생선회
A02,1412,시즌회,생선회,생선회
A02,1413,연어회,생선회,생선회
A02,1414,홍어회,생선회,생선회
A02,1415,한방식재,한방식재류,신선건강
A02,1416,요리용견과,건과,신선건강
A02,1417,캐슈넛,건과,신선건강
A02,1418,친환경건과,건과,신선건강
A02,1419,견과선물세트,건강선물세트,신선건강
A02,1420,양념류선물세트,건강선물세트,신선건강
A02,1421,간편한방식재,한방식재류,신선건강
A02,1422,내의기획,성인내의,이너웨어
A02,1423,남성홈웨어,홈웨어,이너웨어
A02,1424,여성홈웨어,홈웨어,이너웨어
A02,1425,홈웨어 기획,홈웨어,이너웨어
A02,1426,일반스타킹,스타킹,이너웨어
A02,1427,타이즈,스타킹,이너웨어
A02,1428,삭스,스타킹,이너웨어
A02,1429,란제리 기획,란제리,이너웨어
A02,1430,아동홈웨어,홈웨어,이너웨어
A02,1431,감자스낵,스낵,과자
A02,1432,콘스낵,스낵,과자
A02,1433,일반스낵,스낵,과자
A02,1434,쌀스낵,스낵,과자
A02,1435,크래커,비스켓,과자
A02,1436,샌드,비스켓,과자
A02,1437,파이,파이,과자
A02,1438,케이크,파이,과자
A02,1439,하드캔디,캔디,과자
A02,1440,소프트캔디,캔디,과자
A02,1441,기능성껌,껌,과자
A02,1442,일반흰우유,흰우유,데일리
A02,1443,어린이/액상요구르트,요구르트,데일리
A02,1444,떠먹는요구르트,요구르트,데일리
A02,1445,어묵,어묵맛살,냉장냉동
A02,1446,맛살,어묵맛살,냉장냉동
A02,1447,포장김치,냉장반찬,냉장냉동
A02,1448,물만두,냉동만두,냉장냉동
A02,1449,군만두,냉동만두,냉장냉동
A02,1450,손찜만두,냉동만두,냉장냉동
A02,1451,냉동튀김,냉동간식,냉장냉동
A02,1452,냉동부침/구이,냉동간식,냉장냉동
A02,1453,소스,소스류,조미식품
A02,1454,투기용품,헬스용품,스포츠용품
A02,1455,부침/튀김가루,가루,조미식품
A02,1456,식수용차,차,"커피,차"
A02,1457,위스키,양주,주류
A02,1458,브랜디,양주,주류
A02,1459,리큐르,양주,주류
A02,1460,스틱과자,비스켓,과자
A02,1461,조리식품용원재료,원재료,기타
A02,1462,기능성미,양곡,양곡
A02,1463,친환경양곡,양곡,양곡
A02,1464,친환경도정미,즉석도정미,양곡
A02,1465,양주선물세트,양주,주류
A02,1466,과실주,전통주,주류
A02,1467,내의,란제리브랜드,이너웨어
A02,1468,란제리,란제리브랜드,이너웨어
A02,1469,홈웨어,란제리브랜드,이너웨어
A02,1470,양말,란제리브랜드,이너웨어
A02,1471,SHOP 기획,란제리브랜드,이너웨어
A02,1472,랩/호일,음식저장/보관,주방잡화
A02,1473,주방정리용품,주방정리,주방잡화
A02,1474,설거지용품,주방정리,주방잡화
A02,1475,T-SHOP,차,"커피,차"
A02,1476,홈아이스,아이스크림,냉장냉동
A02,1477,튜브/컵아이스,아이스크림,냉장냉동
A02,1478,바아이스,아이스크림,냉장냉동
A02,1479,과자아이스,아이스크림,냉장냉동
A02,1480,행사아이스,아이스크림,냉장냉동
A02,1481,일반닭,닭고기,닭고기
A02,1482,토종닭,닭고기,닭고기
A02,1483,닭부분육,닭고기,닭고기
A02,1484,향신채소,샐러드채소,잎/샐러드채소
A02,1485,유부,어묵맛살,냉장냉동
A02,1486,교자만두,냉동만두,냉장냉동
A02,1487,만두피,냉동만두,냉장냉동
A02,1488,콘아이스,아이스크림,냉장냉동
A02,1489,쿠션,수예소품,수예소품/커튼
A02,1490,방석,수예소품,수예소품/커튼
A02,1491,커튼,커튼류,수예소품/커튼
A02,1492,로만쉐이드,커튼류,수예소품/커튼
A02,1493,롤스크린,커튼류,수예소품/커튼
A02,1494,카페트,수예시즌,수예소품/커튼
A02,1495,여름자리,수예시즌,수예소품/커튼
A02,1496,모기장,수예시즌,수예소품/커튼
A02,1497,황토침구,수예시즌,수예소품/커튼
A02,1498,곤약,어묵맛살,냉장냉동
A02,1499,장식소품,장식용품,인테리어
A02,1500,피자레스토랑,레스토랑,테넌트
A02,1501,뷔페레스토랑,레스토랑,테넌트
A02,1502,한식레스토랑,레스토랑,테넌트
A02,1503,중식레스토랑,레스토랑,테넌트
A02,1504,일식레스토랑,레스토랑,테넌트
A02,1505,양식레스토랑,레스토랑,테넌트
A02,1506,기타레스토랑,레스토랑,테넌트
A02,1507,커피,카페,테넌트
A02,1508,생과일,카페,테넌트
A02,1509,베이커리,카페,테넌트
A02,1510,안경점,판매시설,테넌트
A02,1511,서적,판매시설,테넌트
A02,1512,기프트 샵,판매시설,테넌트
A02,1513,아이스크림,카페,테넌트
A02,1514,소극장,편의시설,테넌트
A02,1515,경정비,판매시설,테넌트
A02,1516,유아용품,BABY/INFANT,완구
A02,1517,미취학,BABY/INFANT,완구
A02,1518,신생아/유아,BABY/INFANT,완구
A02,1519,아동방꾸미기,BABY/INFANT,완구
A02,1520,발육기 액세서리,BABY/INFANT,완구
A02,1521,유모차/카시트,BABY/INFANT,완구
A02,1522,콜렉션인형,GIRLS,완구
A02,1523,아기인형,GIRLS,완구
A02,1524,소꿉놀이,GIRLS,완구
A02,1525,바비와 바비액세서리,GIRLS,완구
A02,1526,패션인형,GIRLS,완구
A02,1527,여아드레스 및 소품,GIRLS,완구
A02,1528,봉제인형,GIRLS,완구
A02,1529,캐릭터봉제,GIRLS,완구
A02,1530,기타전자완구,VIDEOGAME,완구
A02,1531,비디오게임기,VIDEOGAME,완구
A02,1532,비디오게임액세서리,VIDEOGAME,완구
A02,1533,비디오게임소프트웨어,VIDEOGAME,완구
A02,1534,컴퓨터게임소프트웨어,VIDEOGAME,완구
A02,1535,플레이세트,SPORTS/OUTDOOR,완구
A02,1536,캔디류,SPORTS/OUTDOOR,완구
A02,1537,"카드,포장지",SPORTS/OUTDOOR,완구
A02,1538,할로윈,SPORTS/OUTDOOR,완구
A02,1539,물놀이 용품,SPORTS/OUTDOOR,완구
A02,1540,아웃도어용품,SPORTS/OUTDOOR,완구
A02,1541,유아동승용물,SPORTS/OUTDOOR,완구
A02,1542,아동자전거,SPORTS/OUTDOOR,완구
A02,1543,전동승용물,SPORTS/OUTDOOR,완구
A02,1544,스포츠용품,SPORTS/OUTDOOR,완구
A02,1545,스포츠놀이,SPORTS/OUTDOOR,완구
A02,1546,스케이트류,SPORTS/OUTDOOR,완구
A02,1547,자전거용품,SPORTS/OUTDOOR,완구
A02,1548,파티/팬시,SPORTS/OUTDOOR,완구
A02,1549,프로모션,SPORTS/OUTDOOR,완구
A02,1550,주유소,주유소,테넌트
A02,1551,아동내의 기획,아동내의,이너웨어
A02,1552,주니어내의 기획,아동내의,이너웨어
A02,1553,남아내의,아동내의,이너웨어
A02,1554,여아내의,아동내의,이너웨어
A02,1555,남주니어내의,아동내의,이너웨어
A02,1556,여주니어내의,아동내의,이너웨어
A02,1557,온라인분유,분유,인스턴트
A02,1558,온라인 스낵,스낵,과자
A02,1559,온라인 비스켓,비스켓,과자
A02,1560,온라인 파이,파이,과자
A02,1561,온라인 캔디,캔디,과자
A02,1562,온라인 생수,생수,음료
A02,1563,온라인과채음료,과채음료,음료
A02,1564,온라인 탄산음료,탄산음료,음료
A02,1565,온라인 이온음료,이온음료,음료
A02,1566,온라인 세탁세제,세탁세제,세제
A02,1567,온라인 주거세제,주거세제,세제
A02,1568,온라인 화장지,화장지,위생용품
A02,1569,온라인 구강용품,구강용품,구강/헤어
A02,1570,온라인 수납용품,수납용품,청소/수납용품
A02,1571,온라인 수예소품,수예소품,수예소품/커튼
A02,1572,온라인 주방소형가전,주방소형가전,주방생활가전
A02,1573,온라인 성인내의,성인내의,이너웨어
A02,1574,오토바이ACC,장착용품,자동차용품
A02,1575,기저귀,BABY/INFANT,완구
A02,1576,베이비푸드,BABY/INFANT,완구
A02,1577,유아동가구,BABY/INFANT,완구
A03,8,콩,잡곡,곡물
A03,9,조/수수,잡곡,곡물
A03,10,혼합잡곡,잡곡,곡물
A03,11,기타잡곡류,잡곡,곡물
A03,12,미숫가루,선식류,곡물
A03,13,선식,선식류,곡물
A03,14,가지,과채류,채소
A03,15,고추,과채류,채소
A03,16,건고추,과채류,채소
A03,17,오이,과채류,채소
A03,18,옥수수,과채류,채소
A03,19,파프리카/피망,과채류,채소
A03,20,단호박,과채류,채소
A03,21,애호박,과채류,채소
A03,22,기타열매채소,과채류,채소
A03,23,감자,근채류,채소
A03,24,고구마,근채류,채소
A03,25,당근,근채류,채소
A03,26,무,김치채소류,채소
A03,27,열무,김치채소류,채소
A03,28,알타리무,김치채소류,채소
A03,29,생강,근채류,채소
A03,30,연근,근채류,채소
A03,31,우엉,근채류,채소
A03,32,마,근채류,채소
A03,33,기타뿌리채소,근채류,채소
A03,34,갓,김치채소류,채소
A03,35,마늘,근채류,채소
A03,36,미나리,엽채류,채소
A03,37,배추,김치채소류,채소
A03,38,봄동,김치채소류,채소
A03,39,얼갈이,김치채소류,채소
A03,40,절임배추,김치채소류,채소
A03,41,부추,엽채류,채소
A03,42,상추,엽채류,채소
A03,43,시금치,엽채류,채소
A03,44,양파,근채류,채소
A03,45,대파,엽채류,채소
A03,46,쪽파류,엽채류,채소
A03,47,쌈채소류,엽채류,채소
A03,48,쑥갓,엽채류,채소
A03,49,깻잎,엽채류,채소
A03,50,근대/아욱,엽채류,채소
A03,51,기타잎채소,엽채류,채소
A03,52,느타리버섯류,버섯류,채소
A03,53,새송이버섯류,버섯류,채소
A03,54,양송이버섯류,버섯류,채소
A03,55,송이버섯류,버섯류,채소
A03,56,팽이버섯류,버섯류,채소
A03,57,표고버섯류,버섯류,채소
A03,58,건버섯류,버섯류,채소
A03,59,모둠버섯,버섯류,채소
A03,60,기타버섯류,버섯류,채소
A03,61,양배추,양채류,채소
A03,62,미니양배추,양채류,채소
A03,63,양상추,양채류,채소
A03,64,브로콜리,양채류,채소
A03,65,컬리플라워,양채류,채소
A03,66,샐러드류,양채류,채소
A03,67,기타양채류,양채류,채소
A03,68,두부류,두채류,채소
A03,69,연두부류,두채류,채소
A03,70,묵류,두채류,채소
A03,71,콩나물,두채류,채소
A03,72,숙주나물,두채류,채소
A03,73,생나물류,나물류,채소
A03,74,삶은나물류,나물류,채소
A03,75,건나물류,나물류,채소
A03,76,인삼류,근채류,채소
A03,77,더덕선물세트,근채류,채소
A03,78,버섯선물세트,버섯류,채소
A03,79,수삼선물세트,근채류,채소
A03,80,혼합채소선물세트,근채류,채소
A03,81,사과,국산과일,과일
A03,82,배,국산과일,과일
A03,83,감,국산과일,과일
A03,84,귤류,국산과일,과일
A03,85,유자/모과,국산과일,과일
A03,86,복숭아,국산과일,과일
A03,87,자두,국산과일,과일
A03,88,살구,국산과일,과일
A03,89,매실,국산과일,과일
A03,90,딸기,국산과일,과일
A03,91,포도,국산과일,과일
A03,92,무화과,국산과일,과일
A03,93,수박,국산과일,과일
A03,94,참외,국산과일,과일
A03,95,메론,국산과일,과일
A03,96,토마토,국산과일,과일
A03,97,방울토마토,국산과일,과일
A03,98,기타국산과일류,국산과일,과일
A03,99,블루베리,수입과일,과일
A03,100,수입포도,수입과일,과일
A03,101,레몬,수입과일,과일
A03,102,망고,수입과일,과일
A03,103,망고스틴,수입과일,과일
A03,104,바나나,수입과일,과일
A03,105,아보카도,수입과일,과일
A03,106,야자,수입과일,과일
A03,107,오렌지,수입과일,과일
A03,108,용과,수입과일,과일
A03,109,자몽,수입과일,과일
A03,110,체리,수입과일,과일
A03,111,키위,수입과일,과일
A03,112,파인애플,수입과일,과일
A03,113,기타수입과일,수입과일,과일
A03,114,간편과일,수입과일,과일
A03,115,냉동망고,냉동과일,과일
A03,116,냉동베리류,냉동과일,과일
A03,117,냉동홍시,냉동과일,과일
A03,118,기타냉동과일류,냉동과일,과일
A03,119,밤,견과류,과일
A03,120,땅콩,견과류,과일
A03,121,호두,견과류,과일
A03,122,잣,견과류,과일
A03,123,피스타치오,견과류,과일
A03,124,아몬드,견과류,과일
A03,125,캐슈넛,견과류,과일
A03,126,혼합견과,견과류,과일
A03,127,기타견과류,견과류,과일
A03,128,곶감,건과일,과일
A03,129,기타건과일,건과일,과일
A03,130,사과선물세트,국산과일,과일
A03,131,배선물세트,국산과일,과일
A03,132,혼합과일선물세트,국산과일,과일
A03,133,곶감선물세트,건과일,과일
A03,134,기타과일선물세트,국산과일,과일
A03,135,국물용건멸치,건어류,수산
A03,136,볶음조림용건멸치,건어류,수산
A03,137,건새우,건어류,수산
A03,138,건홍합,건어류,수산
A03,139,건오징어,건어류,수산
A03,140,조미오징어,건어가공,수산
A03,141,훈제/구이오징어,건어가공,수산
A03,142,쥐치포,건어가공,수산
A03,143,어포류,건어류,수산
A03,144,황태/북어류,건어류,수산
A03,145,황태채,건어류,수산
A03,146,원물천연조미료,건어가공,수산
A03,147,굴비류,선어가공,수산
A03,148,과메기,선어가공,수산
A03,149,코다리,선어가공,수산
A03,150,반건생선류,선어가공,수산
A03,151,마른김,건어류,수산
A03,152,조미전장김,건어가공,수산
A03,153,조미도시락김,건어가공,수산
A03,154,김자반/부각/튀각,건어가공,수산
A03,155,건다시마,건어류,수산
A03,156,건미역,건어류,수산
A03,157,멸치선물세트,건어가공,수산
A03,158,김선물세트,건어가공,수산
A03,159,굴비선물세트,선어가공,수산
A03,160,반건생선선물세트,선어가공,수산
A03,161,기타건해산물선물세트,건어가공,수산
A03,162,가자미,선어류,수산
A03,163,갈치,선어류,수산
A03,164,고등어,선어류,수산
A03,165,꽁치,선어류,수산
A03,166,대구,선어류,수산
A03,167,도미,선어류,수산
A03,168,명태,선어류,수산
A03,169,민어,선어류,수산
A03,170,조기류,선어류,수산
A03,512,얼음,아이스크림,냉동
A03,172,아귀,선어류,수산
A03,173,연어,선어류,수산
A03,174,우럭,선어류,수산
A03,175,은어,선어류,수산
A03,176,임연수,선어류,수산
A03,177,전어,선어류,수산
A03,178,장어,선어류,수산
A03,179,생선알,선어류,수산
A03,180,기타어류,기타수산,수산
A03,181,포장고등어,선어가공,수산
A03,182,포장연어,선어가공,수산
A03,183,포장날치알,선어가공,수산
A03,184,포장새우살,선어가공,수산
A03,185,포장해물류,선어가공,수산
A03,186,대구전감,선어가공,수산
A03,187,명태전감,선어가공,수산
A03,188,기타포장생선,기타수산,수산
A03,189,낙지,해물류,수산
A03,190,문어,해물류,수산
A03,191,오징어,선어류,수산
A03,192,갑오징어,선어류,수산
A03,193,주꾸미,해물류,수산
A03,194,기타연체류,기타수산,수산
A03,195,미더덕류,해물류,수산
A03,196,멍게,해물류,수산
A03,197,해삼,해물류,수산
A03,198,광어회,선어류,수산
A03,199,홍어회,선어류,수산
A03,200,기타회,기타수산,수산
A03,201,꽃게,해물류,수산
A03,202,대게,해물류,수산
A03,203,홍게,해물류,수산
A03,204,랍스터,해물류,수산
A03,205,새우,해물류,수산
A03,206,기타게,기타수산,수산
A03,207,개조개,해물류,수산
A03,208,골뱅이,해물류,수산
A03,209,굴,해물류,수산
A03,210,꼬막,해물류,수산
A03,211,대합,해물류,수산
A03,212,모시조개,해물류,수산
A03,213,바지락,해물류,수산
A03,214,생합,해물류,수산
A03,215,전복,해물류,수산
A03,216,키조개,해물류,수산
A03,217,홍합,해물류,수산
A03,218,우렁이,해물류,수산
A03,219,기타조개류,기타수산,수산
A03,220,다시마,나물류,채소
A03,221,매생이,나물류,채소
A03,222,미역,나물류,채소
A03,223,톳,나물류,채소
A03,224,파래,나물류,채소
A03,225,기타해초류,나물류,채소
A03,226,생선선물세트,선어가공,수산
A03,227,한우안심,국내산우육,축산
A03,228,한우등심,국내산우육,축산
A03,229,한우채끝,국내산우육,축산
A02,171,스마트펫케어,애견용품,애완원예용품
A02,172,애견습식사료,애견용품,애완원예용품
A02,173,식기/물병,애견용품,애완원예용품
A02,174,애견잡화,애견용품,애완원예용품
A02,175,의류/줄,애견용품,애완원예용품
A02,176,이동장,애견용품,애완원예용품
A02,177,장난감,애견용품,애완원예용품
A02,178,패드,애견용품,애완원예용품
A02,179,하우스/방석,애견용품,애완원예용품
A02,180,심리스란제리,란제리,이너웨어
A02,181,비즈니스양말,남성양말,양말
A02,182,캐주얼양말,남성양말,양말
A02,183,스포츠양말,남성양말,양말
A02,184,기능성양말,남성양말,양말
A02,185,스니커즈,남성양말,양말
A02,186,남성양말기획,남성양말,양말
A02,187,발가락양말,남성양말,양말
A02,188,망사양말,남성양말,양말
A02,189,남성묶음양말,남성양말,양말
A02,711,벽지,벽지류,인테리어
A02,712,시트지,벽지류,인테리어
A02,713,시공가구,가구,인테리어
A02,714,온라인종합가구,가구,인테리어
A02,715,인테리어샵,가구,인테리어
A02,716,일반가구,가구,인테리어
A02,717,등기구,조명기구,조명/보수
A02,718,랜턴류,조명기구,조명/보수
A02,719,"방등,거실등",조명기구,조명/보수
A02,720,장식스탠드,조명기구,조명/보수
A02,721,학습용스탠드,조명기구,조명/보수
A02,722,LED램프,전구,조명/보수
A02,723,특수램프,전구,조명/보수
A02,724,형광램프,전구,조명/보수
A02,725,멀티탭,전기용품,조명/보수
A02,726,전기재료,전기용품,조명/보수
A02,727,도어락,안전용품,조명/보수
A02,728,보안용품,안전용품,조명/보수
A02,729,유아안전용품,안전용품,조명/보수
A02,730,화재안전용품,안전용품,조명/보수
A02,225,매쉬형생리대,여성위생용품,위생용품
A02,226,순면생리대,여성위생용품,위생용품
A02,227,오버나이트,여성위생용품,위생용품
A01,329,마모트,스포츠,스포츠
A01,330,마운티아,스포츠,스포츠
A01,331,컬럼비아,스포츠,스포츠
A01,332,마운틴하드웨어,스포츠,스포츠
A01,333,네파,스포츠,스포츠
A01,334,이젠벅,스포츠,스포츠
A01,335,밀레,스포츠,스포츠
A01,336,라푸마,스포츠,스포츠
A01,337,슈나이더,스포츠,스포츠
A01,338,머렐,스포츠,스포츠
A01,339,빈폴아웃도어,스포츠,스포츠
A01,340,디스커버리,스포츠,스포츠
A01,341,몽벨,스포츠,스포츠
A01,342,센터폴,스포츠,스포츠
A01,343,트렉스타(의),스포츠,스포츠
A01,344,트렉스타(신),스포츠,스포츠
A01,345,휠라아웃도어,스포츠,스포츠
A01,346,콜핑,스포츠,스포츠
A01,347,카리모어,스포츠,스포츠
A01,348,레드페이스,스포츠,스포츠
A01,349,에코로바,스포츠,스포츠
A01,350,웨스트우드,스포츠,스포츠
A01,351,투스카로라,스포츠,스포츠
A01,352,아크테릭스,스포츠,스포츠
A01,353,몬츄라,스포츠,스포츠
A01,354,피엘라벤,스포츠,스포츠
A01,355,파타고니아,스포츠,스포츠
A01,356,살로몬,스포츠,스포츠
A01,357,Shoes&Bag,스포츠,스포츠
A01,358,오클리,스포츠,스포츠
A01,359,웍앤톡,스포츠,스포츠
A01,360,메아리,스포츠,스포츠
A01,361,시에라,스포츠,스포츠
A01,362,볼레,스포츠,스포츠
A01,363,마모트카페(Rodge201),스포츠,스포츠
A01,364,킨,스포츠,스포츠
A01,365,레저스포츠 단독매입,스포츠,스포츠
A01,366,N/B골프의류,골프용품,스포츠
A01,367,L/C골프의류,골프용품,스포츠
A01,368,직수입 골프의류,골프용품,스포츠
A01,369,골프용품,골프용품,스포츠
A01,370,단기행사(골프),골프용품,스포츠
A01,371,아놀드파마,골프용품,스포츠
A01,372,닥스골프,골프용품,스포츠
A01,373,헤지스골프,골프용품,스포츠
A01,374,잭니클라우스,골프용품,스포츠
A01,375,엘로드,골프용품,스포츠
A01,376,울시,골프용품,스포츠
A01,377,레노마골프,골프용품,스포츠
A01,378,휠라골프,골프용품,스포츠
A05,105,남성향수,남성,향수
A01,380,팬텀골프,골프용품,스포츠
A01,381,슈페리어,골프용품,스포츠
A01,382,이동수골프,골프용품,스포츠
A01,383,빈폴골프,골프용품,스포츠
A01,384,엘르골프,골프용품,스포츠
A01,385,캘러웨이,골프용품,스포츠
A01,386,타이틀리스트,골프용품,스포츠
A01,387,와이드앵글,스포츠,스포츠
A01,388,김영주골프,골프용품,스포츠
A01,389,JDX골프,골프용품,스포츠
A01,390,피가로,골프용품,스포츠
A01,391,링스,골프용품,스포츠
A01,392,그린조이,골프용품,스포츠
A01,393,까스텔바작,골프용품,스포츠
A01,394,한성에프아이,스포츠,스포츠
A01,395,루이까스텔,스포츠,스포츠
A01,396,엠유스포츠,골프용품,스포츠
A01,397,보그너,골프용품,스포츠
A01,398,아다바트,골프용품,스포츠
A01,399,먼싱웨어,골프용품,스포츠
A01,400,르꼬끄골프,골프용품,스포츠
A01,401,파리게이츠,골프용품,스포츠
A01,402,블랙앤화이트,골프용품,스포츠
A01,403,나이키골프,골프용품,스포츠
A01,404,아디다스골프,골프용품,스포츠
A01,405,폴로골프,골프용품,스포츠
A01,406,휴고보스골프,골프용품,스포츠
A01,407,데상트골프,골프용품,스포츠
A01,408,매일통상,골프용품,스포츠
A01,409,우리골프,골프용품,스포츠
A01,410,애드파골프,골프용품,스포츠
A01,411,갤러리골프,골프용품,스포츠
A01,412,명성골프,골프용품,스포츠
A01,413,매직스포츠,골프용품,스포츠
A01,414,AK골프,골프용품,스포츠
A01,415,골프존마켓,골프용품,스포츠
A01,416,프레지던츠골프,스포츠,스포츠
A01,417,풋조이,스포츠,스포츠
A01,418,애플라인드,골프용품,스포츠
A01,419,브랜우드,골프용품,스포츠
A01,420,스포츠의류,스포츠,스포츠
A01,421,스포츠화,스포츠,스포츠
A01,422,고정행사(스포츠),스포츠,스포츠
A01,423,단기행사(스포츠),스포츠,스포츠
A01,424,의류,스포츠,스포츠
A01,425,신발,스포츠,스포츠
A01,426,나이키의류,스포츠,스포츠
A01,427,아디다스의류,스포츠,스포츠
A01,428,나이키화,스포츠,스포츠
A01,429,아디다스화,스포츠,스포츠
A01,430,뉴발란스아울렛,스포츠,스포츠
A01,431,슈즈플러스,스포츠,스포츠
A01,432,배드민턴스퀘어,스포츠,스포츠
A01,433,Fitness Square,남성캐주얼,남성의류
A01,434,청백,남성캐주얼,남성의류
A01,435,다비드컬렉션,남성캐주얼,남성의류
A01,436,남성잡화ACC2,남성캐주얼,남성의류
A01,437,N/B 아동복,아동,아동
A01,438,L/C 아동복,아동,아동
A01,439,수입 아동복,아동,아동
A01,440,고정행사(아동복),아동,아동
A01,441,아동잡화,아동,아동
A01,442,아동신발,아동,아동
A01,443,단기행사(아동복),아동,아동
A01,444,키즈,아동,아동
A01,445,el Bicar,남성캐주얼,남성의류
A01,446,유아복,아동,아동
A01,447,유아용품,아동,아동
A01,448,내의,아동,아동
A01,449,완구,아동,아동
A01,450,토들러,아동,아동
A01,451,아동놀이시설,아동,아동
A01,452,플라자,가공식품,식품
A01,453,국산A/V,대형가전,가전
A01,454,국산냉장고.세탁기,대형가전,가전
A01,455,수입냉장고,대형가전,가전
A01,456,수입세탁기,대형가전,가전
A01,457,에어컨,주방가전,가전
A01,458,가스기기,소형가전,가전
A01,459,전기밥솥,주방가전,가전
A01,460,수입소형가전,주방가전,가전
A01,461,기타국산소형가전,주방가전,가전
A01,462,수입청소기 외,소형가전,가전
A01,463,김치냉장고,주방가전,가전
A01,464,건강가전,주방가전,가전
A01,465,행사,주방가전,가전
A01,466,수입A/V,대형가전,가전
A01,467,에스프레소,주방가전,가전
A01,468,생화,생활잡화,가정
A01,469,이미용,생활잡화,가정
A01,470,MP3 外,통신/컴퓨터,가전
A01,471,컴퓨터,통신/컴퓨터,가전
A01,472,"IT 게임기,S/W",통신/컴퓨터,가전
A01,473,피아노/악기,악기,가전
A01,474,악기,악기,가전
A01,475,음반,악기,가전
A01,476,명품오디오,전자/전기,가전
A01,477,디지털카메라,통신/컴퓨터,가전
A01,478,수입주방,주방용품,가정
A01,479,주방잡화,주방용품,가정
A01,480,수      저,주방용품,가정
A01,481,스      텐,주방용품,가정
A01,482,국산주방,주방용품,가정
A01,483,주방단기행사,주방용품,가정
A01,484,임      대,주방용품,가정
A01,485,캔들디퓨져,생활잡화,가정
A01,486,서적,문구/팬시,가정
A01,487,타월,생활잡화,가정
A01,488,욕실용품,생활잡화,가정
A01,489,매트,생활잡화,가정
A01,490,장식소품,생활잡화,가정
A01,491,토탈데코,생활잡화,가정
A01,492,소품가구,생활잡화,가정
A01,493,기능성침대,생활잡화,가정
A01,494,펫샵,기타,기타
A01,495,기능성소품,소형가전,가전
A01,496,크리스탈,식기,가정
A01,497,그라스,식기,가정
A01,498,국산도자기,식기,가정
A01,499,수입도자기,식기,가정
A01,500,전통도자기,식기,가정
A01,501,식기단기행사,식기,가정
A01,502,락앤락,식기,가정
A01,503,종합가구,가구,가정
A01,504,수입가구,가구,가정
A01,505,침대,가구,가정
A01,506,소파,가구,가정
A01,507,식탁,가구,가정
A01,508,"원목,학생,철재",가구,가정
A01,509,카페트,침구/수예,가정
A01,510,일반침대,가구,가정
A01,511,건강침대,가구,가정
A01,512,웨딩,웨딩,가정
A01,513,N.B,침구/수예,가정
A01,514,L.B,침구/수예,가정
A01,515,수입침구,침구/수예,가정
A01,516,한실침구,침구/수예,가정
A01,517,수예소품,침구/수예,가정
A01,518,수예단기행사,침구/수예,가정
A01,519,건강베개,침구/수예,가정
A01,520,아동침구,침구/수예,가정
A01,521,수입잡화,명품,명품
A01,522,수입의류,명품,명품
A01,523,직수입,명품,명품
A01,524,잡화멀티샵,명품,명품
A01,525,명품잡화,명품,명품
A01,526,명품잡화보석,명품,명품
A01,527,명품기타,명품,명품
A01,528,명품잡화행사,명품,명품
A01,529,디자이너,명품,명품
A01,530,어덜트,명품,명품
A01,531,컨템포러리,명품,명품
A01,532,명품남성,명품,명품
A01,533,명품의류기타,명품,명품
A01,534,명품시계기타,명품,명품
A01,535,명품보석,명품,명품
A01,536,힐앤토트,명품,명품
A01,537,주얼리멀티,명품,명품
A01,538,명품멀티기타,명품,명품
A01,539,엘리든,명품,명품
A01,540,비트윈,캐주얼,여성의류
A01,541,Taste5.1,캐주얼,여성의류
A01,542,아울렛,캐주얼,여성의류
A01,543,EC(해외잡화),명품,명품
A01,544,영레깅스편집샵,캐주얼,여성의류
A01,545,global 편집샵,명품,명품
A01,546,라움,캐주얼,여성의류
A01,547,global 편집샵,캐주얼,여성의류
A01,548,토탈리빙,주방용품,가정
A01,549,한샘,주방용품,가정
A01,550,금고,기타,기타
A01,551,남성해외패션,명품,명품
A01,552,KHOS,캐주얼,여성의류
A01,553,KHOS,캐주얼,여성의류
A01,554,ACC Bloom (1F),액세서리,잡화
A01,555,ACC Bloom (3F),액세서리,잡화
A01,556,팝캐스트,미분류중분류상품(매핑안됨),미분류대분류상품(매핑안됨)
A01,557,유니크샵,캐주얼,여성의류
A01,558,캐주얼화,구두,잡화
A01,559,ARCHIV,남성캐주얼,남성의류
A01,560,일반침대(에이스),가구,가정
A01,561,건강침대(흙침대),가구,가정
A01,562,SM TOWN,기타,기타
A01,563,파슨스,농산물,여성의류
A01,564,갤러리,명품,명품
A01,565,친환경올가,축산가공,식품
A01,566,밸류커리어,커리어,여성의류
A01,567,어덜트,명품,명품
A01,568,캐릭터 단기행사,농산물,여성의류
A01,569,생필(부대),가공식품,식품
A01,570,스넥(부대),가공식품,식품
A01,571,지방스넥(부대),가공식품,식품
A01,572,델리(부대),가공식품,식품
A01,573,빈폴상품군,트래디셔널,남성의류
A01,574,폴로상품군,트래디셔널,남성의류
A01,575,라코스테상품군,트래디셔널,남성의류
A01,576,타미힐피거상품군,트래디셔널,남성의류
A01,577,헤지스상품군,트래디셔널,남성의류
A01,578,헨리코튼상품군,트래디셔널,남성의류
A01,579,올젠상품군,트래디셔널,남성의류
A01,580,프레드페리상품군,트래디셔널,남성의류
A01,581,레토르,가공식품,식품
A01,582,갤럭시,남성정장,남성의류
A01,583,로가디스,남성정장,남성의류
A01,584,마에스트로,남성정장,남성의류
A01,585,캠브리지,남성정장,남성의류
A01,586,바쏘,남성정장,남성의류
A01,587,빨질레리,남성정장,남성의류
A01,588,니나리찌,남성정장,남성의류
A01,589,닥스,남성정장,남성의류
A01,590,킨록앤더슨,남성정장,남성의류
A01,591,다반,남성정장,남성의류
A01,592,브룩스브라더스,남성정장,남성의류
A01,593,아울렛 제일모직,스포츠,스포츠
A01,594,영스트리트,캐주얼,여성의류
A01,595,영스트리트,캐주얼,여성의류
A01,596,MODIUM,남성캐주얼,남성의류
A01,597,Last Scene,남성캐주얼,남성의류
A01,598,Leg 5:3:2,남성캐주얼,남성의류
A01,599,건강수면샵,남성캐주얼,남성의류
A01,600,드림플라자,가공식품,식품
A01,601,나파피리상품군,시티웨어,여성의류
A01,602,브룩스브라더스상품군,남성정장,남성의류
A01,603,온라인스트리트,캐주얼,여성의류
A01,604,온라인스트리트,캐주얼,여성의류
A01,605,멘즈셀렉샵,기타,기타
A01,606,파크랜드,구두,잡화
A01,607,케이웨이 상품군,캐주얼,여성의류
A01,608,안토니모라토 상품군,커리어,여성의류
A01,609,까르뜨블랑슈 상품군,캐주얼,여성의류
A01,610,바버 상품군,남성 트랜디,남성의류
A01,611,팀버랜드 상품군,캐주얼,여성의류
A01,612,해리토리 상품군,골프용품,스포츠
A01,613,크로커다일 상품군,커리어,여성의류
A01,614,지오투,캐주얼,여성의류
A01,615,상품군미지정,기타,기타
A05,1,기타견과류,과자,식품
A05,2,일반시리얼,과자,식품
A05,3,즉석스프,과자,식품
A05,4,기타레토르트,과자,식품
A05,5,일반껌,과자,식품
A05,6,하드캔디,과자,식품
A05,7,판초콜릿,과자,식품
A05,8,일반스낵,과자,식품
A05,9,쿠키,과자,식품
A05,10,파이,과자,식품
A05,11,생수,음료,식품
A05,12,탄산수,음료,식품
A05,13,콜라,음료,식품
A05,14,혼합탄산,음료,식품
A05,15,스포츠음료,음료,식품
A05,16,비타민/에너지음료,음료,식품
A05,17,숙취해소음료,음료,식품
A05,18,기타기능성음료,음료,식품
A05,19,과일음료,음료,식품
A05,20,채소음료,음료,식품
A05,21,과채혼합음료,음료,식품
A05,22,일반차음료,음료,식품
A05,23,전통차음료,음료,식품
A05,24,커피음료,음료,식품
A05,25,믹스커피,음료,식품
A05,26,식수용차,음료,식품
A05,27,녹차/홍차,음료,식품
A05,28,허브/꽃차,음료,식품
A05,29,전통/한방차,음료,식품
A05,30,코코아,음료,식품
A05,31,아이스티,음료,식품
A05,32,바아이스크림,과자,식품
A05,33,여성덧신류,양말류,잡화
A05,34,스타킹,양말류,잡화
A05,35,여행용소품,여행용품,잡화
A05,36,여성헤어액세서리,미용소품,잡화
A05,37,장우산,우산/양산류,잡화
A05,38,샴푸,헤어케어,퍼스널
A05,39,린스/컨디셔너,헤어케어,퍼스널
A05,40,트리트먼트/팩,헤어케어,퍼스널
A05,41,헤어에센스,헤어케어,퍼스널
A05,42,헤어스프레이,헤어케어,퍼스널
A05,43,헤어무스/젤,헤어케어,퍼스널
A05,44,헤어왁스,헤어케어,퍼스널
A05,45,염모제,헤어케어,퍼스널
A05,46,바디워시,바디케어,퍼스널
A05,47,바디보습,바디케어,퍼스널
A05,48,입욕제/스파제품,바디케어,퍼스널
A05,49,바디케어세트,바디케어,퍼스널
A05,50,바디슬리밍/리프팅,바디케어,퍼스널
A05,51,제모용품,바디케어,퍼스널
A05,52,데오도란트,바디케어,퍼스널
A05,53,핸드워시/손세정제,핸드/풋케어,퍼스널
A05,54,핸드로션/크림,핸드/풋케어,퍼스널
A05,55,풋케어,핸드/풋케어,퍼스널
A05,56,남성용면도기/날,남성케어,기초
A05,57,쉐이빙폼/젤,남성케어,기초
A05,58,클래식면도용품,남성케어,기초
A05,59,치약,구강케어,퍼스널
A05,60,칫솔,구강케어,퍼스널
A05,61,전동칫솔/칫솔모,구강케어,퍼스널
A05,62,구강청정제,구강케어,퍼스널
A05,63,기타구강관리용품,구강케어,퍼스널
A05,64,치약/칫솔세트,구강케어,퍼스널
A05,65,생리대,여성용품,퍼스널
A05,66,탐폰,여성용품,퍼스널
A05,67,팬티라이너,여성용품,퍼스널
A05,68,여성세정제,여성용품,퍼스널
A05,69,페이셜클렌저,클렌징,기초
A05,70,스킨/토너,베이직케어,기초
A05,71,미스트,베이직케어,기초
A05,72,에멀젼/로션,베이직케어,기초
A05,73,에센스/세럼,베이직케어,기초
A05,74,아이케어,베이직케어,기초
A05,75,크림/밤/오일,베이직케어,기초
A05,76,페이셜팩류,집중케어,기초
A05,77,스킨케어세트,베이직케어,기초
A05,78,선크림류,선케어,기초
A05,79,태닝/애프터선케어,선케어,기초
A05,80,남성용클렌저,남성케어,기초
A05,81,남성용스킨케어류,남성케어,기초
A05,82,남성스킨케어세트,남성케어,기초
A05,83,남성용선크림/메이크업류,남성케어,기초
A05,84,메이크업베이스/프라이머,베이스메이크업,색조
A05,85,BB/파운데이션/컴팩트류,베이스메이크업,색조
A05,86,블러셔/쉐이딩/하이라이터,베이스메이크업,색조
A05,87,아이라이너,아이메이크업,색조
A05,88,아이브로우,아이메이크업,색조
A05,89,마스카라,아이메이크업,색조
A05,90,아이섀도우,아이메이크업,색조
A05,91,립스틱/립라이너,립메이크업,색조
A05,92,립글로즈/틴트,립메이크업,색조
A05,93,일반네일/케어류,네일메이크업,색조
A05,94,메이크업세트,아이메이크업,색조
A05,95,기름종이,미용소품,잡화
A05,96,메탈미용소도구,미용소품,잡화
A05,97,속눈썹/쌍꺼풀,미용소품,잡화
A05,98,메이크업브러쉬,미용소품,잡화
A05,99,스폰지/퍼프,미용소품,잡화
A05,100,네일케어도구,미용소품,잡화
A05,101,풋케어도구,핸드/풋케어,퍼스널
A05,102,면봉/화장솜,미용소품,잡화
A05,103,미용거울,미용소품,잡화
A05,104,여성향수,여성,향수
A05,106,건전지,전기용품,잡화
A05,107,보안용품,안전용품,잡화
A05,108,롤티슈,화장지/티슈,가정
A05,109,각티슈/미용티슈,화장지/티슈,가정
A05,110,물티슈,화장지/티슈,가정
A05,111,방향제,방향/제습/탈취제,가정
A05,112,차량용방향/제취제,방향/제습/탈취제,가정
A05,113,기타파티/팬시용품,파티/팬시용품,잡화
A05,114,이어폰/헤드폰,전기용품,잡화
A05,115,헤어드라이어,기기,가정
A05,116,헤어세팅기,기기,가정
A05,117,웨이트기구,피트니스,헬스
A05,118,기타피트니스기구,피트니스,헬스
A05,119,종합영양제,건강기능식품,헬스
A05,120,일반비타민,건강기능식품,헬스
A05,121,기타영양제,건강기능식품,헬스
A05,122,운동보조식품,건강기능식품,헬스
A05,123,다이어트보조식품,건강기능식품,헬스
A05,124,미용보조식품,건강기능식품,헬스
A05,125,건강보조식품세트,건강기능식품,헬스
A05,126,안전상비의약외품,일반의약외품,헬스
A05,127,콘돔,일반의약외품,헬스
A05,128,건강마스크,일반의약외품,헬스
A05,129,밴드류,일반의약외품,헬스
A05,130,렌즈관리용품,일반의약외품,헬스
A05,131,온/냉찜질용품,일반의약외품,헬스
A05,132,손난로/핫팩,계절팩,잡화
A05,133,기타건강측정용품,피트니스,헬스
A05,134,향초,방향/제습/탈취제,가정
A05,135,디퓨저,방향/제습/탈취제,가정
A05,136,유아용화장품,베이비케어,기초
A05,137,기저귀크림/파우더,베이비케어,기초
A05,138,유아용샴푸/바디워시,베이비케어,기초
A05,139,유아목욕용품,베이비케어,기초
A02,1191,비타민음료,기능성음료,음료
A02,1192,에너지음료,기능성음료,음료
A02,1193,무알콜맥주,맥주,주류
A02,1194,마시는요구르트,요구르트,데일리
A02,1195,곡물가루,가루,조미식품
A02,1196,동양전통주,양주,주류
A02,1197,얼음,아이스크림,냉장냉동
A02,1198,간식용치즈,치즈,데일리
A02,1199,슬라이스치즈,치즈,데일리
A02,1200,요리용치즈,치즈,데일리
A02,1201,냉장케익,디저트,데일리
A02,1202,젤리,디저트,데일리
A02,1203,푸딩,디저트,데일리
A02,1204,버터/마가린,유가공,데일리
A02,1205,크림연유,유가공,데일리
A02,1206,라운드햄,햄,냉장냉동
A02,1207,베이컨,햄,냉장냉동
A02,1208,사각햄,햄,냉장냉동
A02,1209,슬라이스햄,햄,냉장냉동
A02,1210,원물형태햄,햄,냉장냉동
A02,1211,비엔나소시지,소시지,냉장냉동
A02,1212,일반소시지,소시지,냉장냉동
A02,1213,후랑크소시지,소시지,냉장냉동
A02,1214,냉장햄세트,냉장햄세트,냉장냉동
A02,1215,자연향신료,향신료,조미식품
A02,1216,액젓,액상조미료,조미식품
A02,1217,요리식초,액상조미료,조미식품
A02,1218,음료식초,액상조미료,조미식품
A02,1219,냉장간편식,냉장간편식HMR,가공HMR
A02,1220,냉장장류,냉장간편식HMR,가공HMR
A02,1221,냉장떡,냉장식사HMR,가공HMR
A02,1222,냉장면류,냉장식사HMR,가공HMR
A02,1223,가공조미료,복합조미료,조미식품
A02,1224,자연조미료,복합조미료,조미식품
A02,1225,설탕,소금/설탕류,조미식품
A02,1226,소금,소금/설탕류,조미식품
A02,1227,액상과당,소금/설탕류,조미식품
A02,1228,수입소스,수입조미,조미식품
A02,1229,수입유지,수입조미,조미식품
A02,1230,수입장류,수입조미,조미식품
A02,1231,수입조미료,수입조미,조미식품
A02,1232,봉지라면,라면,가공대용식
A02,1233,컵라면,라면,가공대용식
A02,1234,국수,면류,가공대용식
A02,1235,당면,면류,가공대용식
A02,1236,수입면류,면류,가공대용식
A02,1237,숙면,면류,가공대용식
A02,1238,3분요리류,간편요리,가공대용식
A02,1239,분말조리식,간편요리,가공대용식
A02,1240,즉석 죽/스프/누룽지,밥죽류,가공대용식
A02,1241,즉석밥류,밥죽류,가공대용식
A02,1242,컵밥류,밥죽류,가공대용식
A02,1243,식빵,브랜드빵,가공대용식
A02,1244,일반빵,브랜드빵,가공대용식
A02,1245,찐빵,브랜드빵,가공대용식
A02,1246,어린이시리얼,시리얼,가공대용식
A02,1247,온라인시리얼,시리얼,가공대용식
A02,1248,일반시리얼,시리얼,가공대용식
A02,1249,체중조절용시리얼,시리얼,가공대용식
A02,1250,유아과자,이유식/유아간식,인스턴트
A02,1251,유아기타간식,이유식/유아간식,인스턴트
A02,1252,유아음료,이유식/유아간식,인스턴트
A02,1253,성인두유,두유,인스턴트
A02,1254,유아두유,두유,인스턴트
A02,1255,믹스커피,인스턴트커피,"커피,차"
A02,1256,아이스커피,인스턴트커피,"커피,차"
A02,1257,용기리필커피,인스턴트커피,"커피,차"
A02,1258,분쇄원두커피,원두커피,"커피,차"
A02,1259,스틱원두커피,원두커피,"커피,차"
A02,1260,캡슐원두커피,원두커피,"커피,차"
A02,1261,티백/드립 커피,원두커피,"커피,차"
A02,1262,홀빈원두커피,원두커피,"커피,차"
A02,1263,커피선물세트,커피선물세트,"커피,차"
A02,1264,분말차,시즌차,"커피,차"
A02,1265,아이스티,시즌차,"커피,차"
A02,1266,액상차,시즌차,"커피,차"
A02,1267,코코아,시즌차,"커피,차"
A02,1268,차선물세트,차선물세트,"커피,차"
A02,1269,국산꿀,꿀,"커피,차"
A02,1270,수입꿀,꿀,"커피,차"
A02,1271,단일비타민,비타민,건강식품
A02,1272,발포비타민,비타민,건강식품
A02,1273,종합비타민,비타민,건강식품
A02,1274,기타기능건강,기능성건강,건강식품
A02,1275,뼈건강,기능성건강,건강식품
A02,1276,온라인기능성건강,기능성건강,건강식품
A02,1277,프로바이틱스,기능성건강,건강식품
A02,228,키덜트/콜렉션,BOYS 1,완구
A02,229,반찬류행사,먹거리행사,조리식품행사
A02,230,일반간식류행사,먹거리행사,조리식품행사
A02,231,강정행사,시즌행사,조리식품행사
A02,232,한과행사,시즌행사,조리식품행사
A02,233,테마먹거리,맛집행사,조리식품행사
A02,234,브랜드먹거리,맛집행사,조리식품행사
A02,235,즉석쥐포,즉석구이안주,조리식품행사
A02,236,즉석오징어,즉석구이안주,조리식품행사
A02,237,즉석어포,즉석구이안주,조리식품행사
A02,238,즉석김자반,즉석구이김,조리식품행사
A02,239,즉석김,즉석구이김,조리식품행사
A02,240,미역특산물,특산물행사,조리식품행사
A02,241,멸치특산물,특산물행사,조리식품행사
A02,242,김특산물,특산물행사,조리식품행사
A02,243,분식,푸드코트,FOOD COURT
A02,244,양식,푸드코트,FOOD COURT
A02,245,일식,푸드코트,FOOD COURT
A02,246,중식,푸드코트,FOOD COURT
A02,247,한식,푸드코트,FOOD COURT
A02,248,푸드엠파이어,컨세션,FOOD COURT
A02,249,푸드하우스,컨세션,FOOD COURT
A02,250,푸드캐피탈,컨세션,FOOD COURT
A02,251,떡볶이,간식,F&B
A02,252,튀김,간식,F&B
A02,253,누들,간식,F&B
A02,254,도넛/햄버거,간식,F&B
A02,255,만두,간식,F&B
A02,256,밥류,간식,F&B
A02,257,가스류,간식,F&B
A02,258,볶음류,간식,F&B
A02,259,음료,디저트,F&B
A03,281,닭윗날개(봉),국내산계육,축산
A03,282,닭근위,국내산계육,축산
A03,283,닭정육,국내산계육,축산
A03,284,오리고기,국내산계육,축산
A03,285,일반계란,계란류,채소
A03,286,가공계란,계란류,채소
A03,287,일반메추리알,계란류,채소
A03,288,가공메추리알,계란류,채소
A03,289,닭/오리양념육,기타축산,축산
A03,290,돼지양념육,기타축산,축산
A03,291,소양념육,기타축산,축산
A03,292,기타양념육,기타축산,축산
A03,293,돈가스,기타축산,축산
A03,294,한우선물세트,국내산우육,축산
A03,295,수입소고기선물세트,수입우육,축산
A03,296,국수,건면,면과자
A03,297,당면,건면,면과자
A03,298,파스타류,건면,면과자
A03,299,냉면,건면,면과자
A03,300,쌈/또띠아,건면,면과자
A03,301,기타건면,건면,면과자
A03,302,국물봉지라면,라면,면과자
A03,303,비빔봉지라면,라면,면과자
A03,304,국물용기라면,라면,면과자
A03,305,식빵,베이커리,조리식품
A03,306,일반빵,베이커리,조리식품
A03,307,호빵찐빵,베이커리,조리식품
A03,308,일반시리얼,씨리얼,면과자
A03,309,기능성시리얼,씨리얼,면과자
A03,310,즉석카레짜장,즉석식품,일반식품
A03,311,즉석덮밥류,즉석식품,일반식품
A03,312,즉석밥,즉석식품,일반식품
A03,313,즉석컵밥,즉석식품,일반식품
A03,314,즉석죽,즉석식품,일반식품
A03,315,즉석스프,즉석식품,일반식품
A03,316,즉석누룽지,즉석식품,일반식품
A03,317,즉석면류,즉석식품,일반식품
A03,318,즉석국/찌개,즉석식품,일반식품
A03,319,기타레토르트,즉석식품,일반식품
A03,320,분말카레짜장,즉석식품,일반식품
A03,321,분말스프,즉석식품,일반식품
A03,322,채소병통조림,병통조림,일반식품
A03,323,과일병통조림,병통조림,일반식품
A03,324,참치통조림,병통조림,일반식품
A03,325,골뱅이통조림,병통조림,일반식품
A03,326,꽁치고등어통조림,병통조림,일반식품
A03,327,연어통조림,병통조림,일반식품
A03,328,기타수산통조림,병통조림,일반식품
A03,329,햄통조림,병통조림,일반식품
A03,330,닭고기통조림,병통조림,일반식품
A03,331,기타축산통조림,병통조림,일반식품
A03,332,햄통조림세트,병통조림,일반식품
A03,333,참치통조림세트,병통조림,일반식품
A03,334,통조림혼합세트,병통조림,일반식품
A03,335,연어통조림세트,병통조림,일반식품
A03,336,과일잼,병통조림,일반식품
A03,337,스프레드,병통조림,일반식품
A03,338,분유,분유,일반식품
A03,339,이유식,분유,일반식품
A03,340,유아과자,분유,일반식품
A03,341,유아음료,분유,일반식품
A03,342,케첩,케첩마요네즈,조미료류
A03,343,마요네즈,케첩마요네즈,조미료류
A03,344,상온드레싱,케첩마요네즈,조미료류
A03,345,양념소스,케첩마요네즈,조미료류
A03,346,국물용소스,케첩마요네즈,조미료류
A03,347,파스타소스,케첩마요네즈,조미료류
A03,348,고기양념장,케첩마요네즈,조미료류
A03,349,간장,장류,조미료류
A03,350,된장,장류,조미료류
A03,351,고추장,장류,조미료류
A03,352,쌈장,장류,조미료류
A03,353,기타장류,장류,조미료류
A03,354,콩기름,식용유,조미료류
A03,355,옥수수기름,식용유,조미료류
A03,356,참기름/들기름,식용유,조미료류
A03,357,올리브유,식용유,조미료류
A03,358,포도씨유,식용유,조미료류
A03,359,카놀라유,식용유,조미료류
A03,360,해바라기씨유,식용유,조미료류
A03,361,기타식용유,식용유,조미료류
A03,362,소금,조미료,조미료류
A03,363,설탕,감미료,조미료류
A03,364,물엿/시럽,감미료,조미료류
A03,365,식초,조미료,조미료류
A03,366,음용식초,조미료,조미료류
A03,367,액젓,조미료,조미료류
A03,368,가공조미료,조미료,조미료류
A03,369,자연조미료,조미료,조미료류
A03,370,액상조미료,조미료,조미료류
A03,371,고춧가루,조미료,조미료류
A03,372,후추,조미료,조미료류
A03,373,겨자/고추냉이,조미료,조미료류
A03,374,깨,조미료,조미료류
A03,375,허브류,조미료,조미료류
A03,376,기타향신료,조미료,조미료류
A03,377,밀가루,가공분말류,조미료류
A03,378,빵가루,가공분말류,조미료류
A03,379,부침가루,가공분말류,조미료류
A03,380,튀김가루,가공분말류,조미료류
A03,381,곡물가루,가공분말류,조미료류
A03,382,기타분말류,가공분말류,조미료류
A03,383,도넛가루/핫케이크가루,가공분말류,조미료류
A03,384,호떡믹스,가공분말류,조미료류
A03,385,빵믹스,가공분말류,조미료류
A03,386,아이스크림믹스,가공분말류,조미료류
A03,387,기타프리믹스,가공분말류,조미료류
A03,388,식용유세트,식용유,조미료류
A03,389,기타조미료세트,조미료,조미료류
A03,390,일반껌,캔디껌류,면과자
A03,391,기능성껌,캔디껌류,면과자
A03,392,풍선껌,캔디껌류,면과자
A03,393,하드캔디,캔디껌류,면과자
A03,394,소프트캔디,캔디껌류,면과자
A03,395,젤리,캔디껌류,면과자
A03,396,양갱,캔디껌류,면과자
A03,397,캐러멜,캔디껌류,면과자
A03,398,토이캔디,캔디껌류,면과자
A03,399,기능성캔디,캔디껌류,면과자
A03,400,판초콜릿,초콜렛,면과자
A03,401,쉘초콜릿,초콜렛,면과자
A03,402,바초콜릿,초콜렛,면과자
A03,403,감자스낵,스낵,면과자
A03,404,고구마스낵,스낵,면과자
A03,405,옥수수스낵,스낵,면과자
A03,406,쌀스낵,스낵,면과자
A03,407,일반스낵,스낵,면과자
A03,408,영양바,스낵,면과자
A03,409,팝콘,스낵,면과자
A03,410,크래커,쿠키케이크,면과자
A03,411,쿠키,쿠키케이크,면과자
A03,412,샌드,쿠키케이크,면과자
A03,413,스틱과자,쿠키케이크,면과자
A03,414,쿠키케이크,쿠키케이크,면과자
A03,415,파이,쿠키케이크,면과자
A03,416,맛밤류,가공건식품,일반식품
A03,417,안주용육포류,가공건식품,일반식품
A03,418,기타간식/안주형과자,가공건식품,일반식품
A03,419,한과,기타조리식품,조리식품
A03,420,기타전통과자,전통과자,면과자
A03,421,과자세트,쿠키케이크,면과자
A03,422,사탕/캔디세트,캔디껌류,면과자
A03,423,초콜릿세트,초콜렛,면과자
A03,424,생수,생수,음료
A03,425,탄산수,탄산음료,음료
A03,426,사이다,탄산음료,음료
A03,427,콜라,탄산음료,음료
A03,428,혼합탄산,탄산음료,음료
A03,429,스포츠음료,기능성음료,음료
A03,430,비타민/에너지음료,기능성음료,음료
A03,431,식이섬유음료,기능성음료,음료
A03,432,한방음료,기능성음료,음료
A03,433,숙취해소음료,기능성음료,음료
A03,434,기타기능성음료,기능성음료,음료
A03,435,과일음료,과채음료,음료
A03,436,채소음료,과채음료,음료
A03,437,과채혼합음료,과채음료,음료
A03,438,어린이음료,과채음료,음료
A03,439,일반차음료,차음료,음료
A03,440,전통차음료,차음료,음료
A03,441,커피음료,커피음료,음료
A03,442,파우치/즉석음료,커피음료,음료
A03,443,일반두유,두유,음료
A03,444,유아두유,두유,음료
A03,445,기능성음료세트,기능성음료,음료
A03,446,과채음료세트,과채음료,음료
A03,447,티백/드립원두커피,커피류,일반식품
A03,448,캡슐원두커피,커피류,일반식품
A03,449,분쇄/홀빈원두커피,커피류,일반식품
A03,450,스틱원두커피,커피류,일반식품
A03,451,용기/리필커피,커피류,일반식품
A03,452,믹스커피,커피류,일반식품
A03,453,아이스믹스커피,커피류,일반식품
A03,454,컵커피차류,커피류,일반식품
A03,455,커피크리머,커피류,일반식품
A03,456,식수용차,차류,일반식품
A03,457,녹차/홍차,차류,일반식품
A03,458,과실차,차류,일반식품
A03,459,곡물/견과차,차류,일반식품
A03,460,허브/꽃차,차류,일반식품
A03,461,전통/한방차,차류,일반식품
A03,462,코코아,차류,일반식품
A03,463,아이스티,차류,일반식품
A03,464,커피세트,커피류,일반식품
A03,465,차세트,차류,일반식품
A03,466,일반소주,소주,주류
A03,467,칵테일소주,소주,주류
A03,468,담금소주,소주,주류
A03,469,국산맥주,맥주,주류
A03,470,수입맥주,맥주,주류
A03,471,무알콜맥주,탄산음료,음료
A03,472,레드와인,와인,주류
A03,473,화이트와인,와인,주류
A03,474,스파클링와인,와인,주류
A03,475,위스키,양주,주류
A03,476,리큐르,양주,주류
A03,477,기타양주,양주,주류
A03,478,막걸리,전통주,주류
A03,479,청주,전통주,주류
A03,480,과실주/담금주,전통주,주류
A03,481,중국술,전통주,주류
A03,482,일본술,전통주,주류
A03,483,기타전통주,전통주,주류
A03,484,와인세트,와인,주류
A03,485,전통주세트,전통주,주류
A03,486,일반우유,우유,낙농
A03,487,기능성우유,우유,낙농
A03,488,가공우유,우유,낙농
A03,489,크림/연유,우유,낙농
A03,490,버터/마가린,치즈버터,낙농
A03,491,치즈,치즈버터,낙농
A03,492,일반요구르트,발효유,낙농
A03,493,마시는요구르트,발효유,낙농
A03,494,떠먹는요구르트,발효유,낙농
A03,495,냉동밥,냉동MS,MS
A03,496,냉동면,냉동MS,MS
A03,497,냉동만두,만두,냉동
A03,498,냉동피자,냉동MS,MS
A03,499,냉동핫도그,냉동MS,MS
A03,500,냉동튀김,냉동MS,MS
A03,501,냉동부침,냉동MS,MS
A03,502,냉동국탕류,냉동MS,MS
A03,503,냉동디저트,냉동MS,MS
A03,504,냉동떡볶이,냉동MS,MS
A03,505,바아이스크림,아이스크림,냉동
A03,506,튜브아이스크림,아이스크림,냉동
A03,507,콘아이스크림,아이스크림,냉동
A03,508,모나카,아이스크림,냉동
A03,509,컵아이스크림,아이스크림,냉동
A03,510,홈아이스크림,아이스크림,냉동
A03,511,아이스크림케이크,아이스크림,냉동
A01,379,핑,골프용품,스포츠
A03,513,냉장커피차음료,냉장음료,낙농
A01,40,즉석구이김류,수산품,식품
A01,41,건어물류,수산품,식품
A01,42,도너츠,수산품,식품
A01,43,굴비세트,수산품,식품
A01,44,건어물세트,수산품,식품
A01,45,젓갈세트,젓갈/반찬,식품
A01,46,초밥,가공식품,식품
A01,47,선어세트,수산품,식품
A01,48,굴비세트,수산품,식품
A01,49,안주세트,수산품,식품
A01,50,기타건생선세트,수산품,식품
A01,51,김세트,수산품,식품
A01,52,멸치세트,수산품,식품
A01,53,"제과,제빵",가공식품,식품
A01,54,수산단기행사,수산품,식품
A01,55,일반가공식품,가공식품,식품
A01,56,특산물행사,가공식품,식품
A01,57,가공선물세트,가공식품,식품
A01,58,케익류,가공식품,식품
A01,59,양과자류,가공식품,식품
A01,60,전문베이커리,가공식품,식품
A01,61,떡,가공식품,식품
A01,62,한과,가공식품,식품
A01,63,한과(세트행사),가공식품,식품
A01,64,양과(세트행사),가공식품,식품
A01,65,규격젓갈,젓갈/반찬,식품
A01,66,벌크젓갈,젓갈/반찬,식품
A01,67,규격김치,젓갈/반찬,식품
A01,68,벌크김치,젓갈/반찬,식품
A01,69,반찬장류세트,가공식품,식품
A01,70,장류,젓갈/반찬,식품
A01,71,어묵,젓갈/반찬,식품
A01,72,가공행사,젓갈/반찬,식품
A01,73,초콜릿,젓갈/반찬,식품
A01,74,건강식품(홍삼),건강식품,식품
A01,75,건강식품,건강식품,식품
A01,76,주류,주류,식품
A01,77,음료,주류,식품
A01,78,한차,주류,식품
A01,79,공병,주류,식품
A01,80,건강식품(비타민),건강식품,식품
A01,81,원두커피,차/커피,식품
A01,82,수입식품,차/커피,식품
A01,83,포숑,가공식품,식품
A01,84,수입단기행사,가공식품,식품
A01,85,즉석반찬,젓갈/반찬,식품
A01,86,위생세제,일용잡화,식품
A01,87,휴지류,일용잡화,식품
A01,88,뷰티상품,일용잡화,식품
A01,89,일용잡화,일용잡화,식품
A01,90,세트상품,일용잡화,식품
A01,91,기타음료,주류,식품
A01,92,기타베이커리,가공식품,식품
A01,93,단기행사,일용잡화,식품
A01,94,즉석.스넥(매장),가공식품,식품
A01,95,밥류,가공식품,식품
A01,96,면류,가공식품,식품
A01,97,패밀리레스토랑,가공식품,식품
A01,98,아이스크림,가공식품,식품
A01,99,커피숍,가공식품,식품
A01,100,KKD,가공식품,식품
A01,101,푸드코트,가공식품,식품
A01,102,PECK Restaurant,기타,기타
A01,103,PECK Enoteca,주류,식품
A01,104,PECK Fruits,농산물,식품
A01,105,PECK G&C,건강식품,식품
A01,106,브랑제리,가공식품,식품
A01,107,브랜드샵,가공식품,식품
A01,108,엔젤리너스,가공식품,식품
A01,109,롯데리아,가공식품,식품
A01,110,TGIF,가공식품,식품
A01,111,음료,가공식품,식품
A01,112,분식,가공식품,식품
A01,113,대형테넌트,가공식품,식품
A01,114,디저트카페,가공식품,식품
A01,115,양식,가공식품,식품
A01,116,일식,가공식품,식품
A01,117,한식,가공식품,식품
A01,118,중식,가공식품,식품
A01,119,패스트푸드,가공식품,식품
A01,120,CJ팩토리샵,젓갈/반찬,식품
A01,121,식당가 한식,가공식품,식품
A01,122,식당가 중식,가공식품,식품
A01,123,식당가 일식,가공식품,식품
A01,124,식당가 양식,가공식품,식품
A01,125,식당가 커피숍,가공식품,식품
A01,126,식당가 아이스크림,가공식품,식품
A01,127,식당가 레스토랑,가공식품,식품
A01,128,식당가 기타,기타,기타
A01,129,넥타이(특정),섬유잡화,잡화
A01,130,스카프(특정),섬유잡화,잡화
A01,131,선글라스(특정),액세서리,잡화
A01,132,양말(특정),섬유잡화,잡화
A01,133,손수건(특정),섬유잡화,잡화
A01,134,스타킹(특정),섬유잡화,잡화
A01,135,모자(특정),섬유잡화,잡화
A01,136,우/양산(특정),섬유잡화,잡화
A01,137,장갑(특정),섬유잡화,잡화
A01,138,기타,섬유잡화,잡화
A01,139,누셀렉트샵,섬유잡화,잡화
A01,140,패션,액세서리,잡화
A01,141,모자(단기행사),섬유잡화,잡화
A01,142,패션갤러리움,섬유잡화,잡화
A01,143,아이웨어,액세서리,잡화
A01,144,화장품,화장품,잡화
A01,145,기초 화장품,화장품,잡화
A01,146,색조 화장품,화장품,잡화
A01,147,향수,화장품,잡화
A01,148,기타,화장품,잡화
A01,149,기초A,화장품,잡화
A01,150,화장품,화장품,잡화
A01,151,헤어,액세서리,잡화
A01,152,색조,화장품,잡화
A01,153,아울렛(화장품),화장품,잡화
A01,154,무인양품,섬유잡화,잡화
A01,155,조화,보석,잡화
A01,156,라코스메티크,화장품,잡화
A01,157,보석,보석,잡화
A01,158,수입ACC,액세서리,잡화
A01,159,헤어ACC,액세서리,잡화
A01,160,국산ACC,액세서리,잡화
A01,161,시계,준보석/시계,잡화
A01,162,14K,액세서리,잡화
A01,163,"기타(가발,포장,담배,연구,사진,수선)",액세서리,잡화
A01,164,네셔널,피혁잡화,잡화
A01,165,가방,피혁잡화,잡화
A01,166,임대,피혁잡화,잡화
A01,167,4대 B/D,피혁잡화,잡화
A01,168,단기행사,피혁잡화,잡화
A01,169,핸드백,피혁잡화,잡화
A01,170,장신,액세서리,잡화
A01,171,올리브핫스텁,캐주얼,여성의류
A01,172,영캐주얼,캐주얼,여성의류
A01,173,진/유니,캐주얼,여성의류
A01,174,이지,캐주얼,여성의류
A01,175,스트리트,캐주얼,여성의류
A01,176,올리브핫스텁,캐주얼,여성의류
A01,177,패션내의,섬유잡화,잡화
A01,178,영트랜디,섬유잡화,잡화
A01,179,기타,섬유잡화,잡화
A01,180,Bag&Bag,피혁잡화,잡화
A01,181,영캐릭터,캐주얼,여성의류
A01,182,영밸류,캐주얼,여성의류
A01,183,영밸류 캐주얼,캐주얼,여성의류
A01,184,쿨캐주얼,캐주얼,여성의류
A01,185,컬처캐주얼,캐주얼,여성의류
A01,186,수입브릿지,캐주얼,여성의류
A01,187,수입캐주얼,캐주얼,여성의류
A01,188,직소싱,기타,기타
A01,189,캐릭터 여화,구두,잡화
A01,190,디자이너,디자이너,여성의류
A01,191,수입화,트래디셔널,남성의류
A01,192,구두시즌,구두,잡화
A01,193,캐릭터 남화,구두,잡화
A01,194,구두단기행사,구두,잡화
A01,195,NB 여화,구두,잡화
A01,196,구두,피혁잡화,잡화
A01,197,금강그룹,구두,잡화
A01,198,Knit & Knot,시티웨어,여성의류
A01,199,Knit & Knot(캐슬플라자),시티웨어,여성의류
A01,200,캐릭터캐주얼,캐주얼,여성의류
A01,201,수입캐릭터,캐주얼,여성의류
A01,202,이지캐주얼(행사),캐주얼,여성의류
A01,203,스트리트,캐주얼,여성의류
A01,204,UNIT,캐주얼,여성의류
A01,205,여성의류,캐주얼,여성의류
A01,206,영캐주얼,캐주얼,여성의류
A01,207,영캐주얼행사,캐주얼,여성의류
A01,208,영 캐릭터,캐주얼,여성의류
A01,209,영 트렌디,캐주얼,여성의류
A01,210,global SPA,캐주얼,여성의류
A01,211,영 컨템포러리,캐주얼,여성의류
A01,212,부산디자인센터,캐주얼,여성의류
A02,190,볶음/무침반찬,포장반찬HMR,가공HMR
A02,191,절임반찬,포장반찬HMR,가공HMR
A02,192,조림반찬,포장반찬HMR,가공HMR
A02,193,꼬치,구이,온장조리
A02,194,훈제/로스트,구이,온장조리
A02,195,일반튀김,튀김,온장조리
A02,196,치킨,튀김,온장조리
A02,197,초밥,김/초밥,냉장조리
A02,198,김밥/롤,김/초밥,냉장조리
A02,199,포장젓갈,포장반찬HMR,가공HMR
A02,200,도시락,도시락,냉장조리
A02,201,샌드위치,도시락,냉장조리
A02,202,샐러드,간편조리,냉장조리
A02,203,요리,간편조리,냉장조리
A02,204,일반떡,떡,대용식
A02,205,요리떡,떡,대용식
A02,206,전통과자,떡,대용식
A02,207,족발,족발,대용식
A02,208,나물/부침,조리반찬,즉석반찬
A02,209,순대,족발,대용식
A02,210,반찬류,조리반찬,즉석반찬
A02,211,젓갈류,조리반찬,즉석반찬
A02,212,즉석김치류,조리반찬,즉석반찬
A02,213,즉석국탕/볶음,조리반찬,즉석반찬
A02,214,제철반찬,시즌반찬,즉석반찬
A02,215,김장김치,시즌반찬,즉석반찬
A02,216,저염젓갈,포장젓갈,포장반찬
A02,217,일반젓갈,포장젓갈,포장반찬
A02,218,절임반찬,포장반찬,포장반찬
A02,219,조림반찬,포장반찬,포장반찬
A02,220,볶음/무침반찬,포장반찬,포장반찬
A02,221,온라인포장반찬,포장반찬,포장반찬
A02,222,단무지,냉장반찬,냉장냉동
A02,223,디저트,냉장간편식HMR,가공HMR
A02,224,부직포생리대,여성위생용품,위생용품
A01,213,유니섹스캐주얼,캐주얼,여성의류
A01,214,진캐주얼,캐주얼,여성의류
A01,215,이지캐주얼,캐주얼,여성의류
A01,216,쿨캐주얼,캐주얼,여성의류
A01,217,프리미엄진,캐주얼,여성의류
A01,218,컬처캐주얼,캐주얼,여성의류
A01,219,GR-8,캐주얼,여성의류
A01,220,SPACE 5.1,캐주얼,여성의류
A01,221,마리메꼬,캐주얼,여성의류
A01,222,커리어,커리어,여성의류
A01,223,트래디셔널,트래디셔널,여성의류
A01,224,5 ON THE GO,기타,기타
A01,225,이지캐주얼,캐주얼,여성의류
A01,226,세이브더칠드런,커리어,여성의류
A01,227,편집샵,캐주얼,여성의류
A01,228,엘레강스,시티웨어,여성의류
A01,229,진스퀘어,캐주얼,여성의류
A01,230,백팩편집,스포츠,스포츠
A01,231,시니어,시티웨어,여성의류
A01,232,란제리,란제리/내의,여성의류
A01,233,패션내의,란제리/내의,여성의류
A01,234,란제리행사,란제리/내의,여성의류
A01,235,캐주얼피혁,캐주얼,여성의류
A01,236,홈웨어,기타의류,여성의류
A01,237,비아스텔리나,캐주얼,여성의류
A01,238,디자이너부틱,디자이너,여성의류
A01,239,디자이너캐릭터,디자이너,여성의류
A01,240,모피,모피/피혁,여성의류
A01,241,피혁,모피/피혁,여성의류
A01,242,숙녀고정행사,기타의류,여성의류
A01,243,숙녀단기행사,기타의류,여성의류
A01,244,BYETTOL,멀티(아울렛),여성의류
A01,245,라뉴,캐주얼,여성의류
A01,246,더블라우스,블라우스,여성의류
A01,247,N.B정장,남성정장,남성의류
A01,248,직수입정장,남성정장,남성의류
A01,249,JPRESS,남성정장,남성의류
A01,250,보기밀라노,남성정장,남성의류
A01,251,정장점행사,남성정장,남성의류
A01,252,시티캐주얼,남성캐주얼,남성의류
A01,253,시티정장바지,남성캐주얼,남성의류
A01,254,남성잡화,남성캐주얼,남성의류
A01,255,남성 화장품,화장품,잡화
A01,256,트랜디,남성 트랜디,남성의류
A01,257,컨템포러리,남성 트랜디,남성의류
A01,258,단기행사,남성 트랜디,남성의류
A03,523,젓갈,냉장기타MS,MS
A03,524,단무지,냉장농산,냉장
A03,525,햄,냉장축산,냉장
A03,526,베이컨,냉장축산,냉장
A03,527,소시지,냉장축산,냉장
A03,528,어묵,냉장수산,냉장
A03,529,맛살,냉장수산,냉장
A03,530,곤약,냉장수산,냉장
A03,531,유부,냉장수산,냉장
A03,532,김밥재료세트,냉장수산,냉장
A03,533,냉장밥/죽,냉장식사MS,MS
A03,534,냉장면,냉장식사MS,MS
A03,535,냉장떡,냉장식사MS,MS
A03,536,냉장간편떡볶이,냉장식사MS,MS
A03,537,냉장장류,냉장기타MS,MS
A03,538,냉장드레싱,냉장농산,냉장
A03,539,냉장핫도그/핫바류,냉장간식MS,MS
A03,540,냉장치킨족발류,냉장간식MS,MS
A03,541,냉장국탕류,냉장간식MS,MS
A03,542,냉장안주,냉장간식MS,MS
A03,543,기타냉장간편식,냉장간식MS,MS
A03,544,즉석젓갈류,선어가공,수산
A03,545,즉석김치류,반찬류,조리식품
A03,546,즉석조림반찬,반찬류,조리식품
A03,547,즉석절임반찬,반찬류,조리식품
A02,1278,헬스건강,기능성건강,건강식품
A02,1279,혈행개선,기능성건강,건강식품
A02,1280,전통건강식품,홍인삼,건강식품
A02,1281,홍삼농축액,홍인삼,건강식품
A02,1282,홍삼즙,홍인삼,건강식품
A03,230,한우목심,국내산우육,축산
A03,231,한우앞다리,국내산우육,축산
A03,232,한우우둔,국내산우육,축산
A03,233,한우설도,국내산우육,축산
A03,234,한우양지,국내산우육,축산
A03,235,한우사태,국내산우육,축산
A03,236,한우갈비,국내산우육,축산
A03,237,한우부산물,국내산우육,축산
A03,238,한우정육,국내산우육,축산
A03,239,미국산소갈비,수입우육,축산
A03,240,미국산소목심,수입우육,축산
A03,241,미국산소등심,수입우육,축산
A03,242,미국산소앞다리,수입우육,축산
A03,243,미국산소양지,수입우육,축산
A03,244,미국산소토시살,수입우육,축산
A03,245,호주산소갈비,수입우육,축산
A03,246,호주산소목심,수입우육,축산
A03,247,호주산소등심,수입우육,축산
A03,248,호주산소채끝,수입우육,축산
A03,249,호주산소안심,수입우육,축산
A03,250,호주산소설도,수입우육,축산
A03,251,호주산소앞다리,수입우육,축산
A03,252,호주산소양지,수입우육,축산
A03,253,호주산소우둔,수입우육,축산
A03,254,호주산소사태,수입우육,축산
A03,255,호주산소안창살,수입우육,축산
A03,256,호주산소토시살,수입우육,축산
A03,257,수입산소갈비,수입우육,축산
A03,258,수입산소목심,수입우육,축산
A03,259,국산돼지안심,국내산돈육,축산
A03,260,국산돼지등심,국내산돈육,축산
A03,261,국산돼지등심덧살,국내산돈육,축산
A03,262,국산돼지목심,국내산돈육,축산
A03,263,국산돼지앞다리,국내산돈육,축산
A03,264,국산돼지사태,국내산돈육,축산
A03,265,국산돼지항정살,국내산돈육,축산
A03,266,국산돼지뒷다리,국내산돈육,축산
A03,267,국산돼지삼겹살,국내산돈육,축산
A03,268,국산돼지갈매기살,국내산돈육,축산
A03,269,국산돼지등갈비,국내산돈육,축산
A03,270,국산돼지갈비,국내산돈육,축산
A03,271,국산돼지부산물,국내산돈육,축산
A03,272,수입돼지삼겹살,수입돈육,축산
A03,273,수입돼지목심,수입돈육,축산
A03,274,수입돼지정육,수입돈육,축산
A03,275,삼계탕용닭,국내산계육,축산
A03,276,볶음탕용닭,국내산계육,축산
A03,277,닭다리,국내산계육,축산
A03,278,닭가슴살,국내산계육,축산
A03,279,닭안심,국내산계육,축산
A03,280,닭아랫날개(윙),국내산계육,축산
A01,259,어반캐주얼,남성 트랜디,남성의류
A01,260,어반스타일,트래디셔널,남성의류
A01,261,Maniz,남성캐주얼,남성의류
A01,262,지이크,남성 트랜디,남성의류
A05,140,봉투보증금,일반서비스,서비스상품
A05,141,기타,기타,기타(비상품)
A05,142,생활잡화균일가,영업상품,서비스상품
A02,1578,스킨케어 및 물티슈,BABY/INFANT,완구
A02,1579,아몬드,건과,신선건강
A02,1580,직영식자재,식자재,조미식품
A02,1581,건강미용차,차,"커피,차"
A02,1582,혼합탄산,탄산음료,음료
A02,1583,기능성음료선물세트,기능성음료,음료
A02,1584,전통주선물세트,전통주,주류
A02,1585,앨범,오피스용품,문구
A02,1586,약용버섯세트,건강선물세트,신선건강
A02,1587,김밥재료묶음,어묵맛살,냉장냉동
A02,1588,배추,김치채소,잎/샐러드채소
A02,1589,얼갈이,김치채소,잎/샐러드채소
A02,1590,열무,김치채소,잎/샐러드채소
A02,1591,무우,김치채소,잎/샐러드채소
A02,1592,갓,김치채소,잎/샐러드채소
A02,1593,더덕세트,건강선물세트,신선건강
A02,1594,혼합세트,건강선물세트,신선건강
A02,1595,홈메이드믹스,가루,조미식품
A02,1596,제빵재료,가루,조미식품
A02,1597,드레싱,소스류,조미식품
A02,1598,기타,기타,기타
A02,1599,문화센터,문화센터,기타
A02,1600,냄비,조리용기,쿠킹&테이블웨어
A02,1601,뚝배기,조리용기,쿠킹&테이블웨어
A02,1602,압력솥,조리용기,쿠킹&테이블웨어
A02,1603,간편조리용기,조리용기,쿠킹&테이블웨어
A02,1604,곰솥/들통,조리용기,쿠킹&테이블웨어
A02,1605,주전자,조리용기,쿠킹&테이블웨어
A02,1606,믹싱볼/양푼,조리용기,쿠킹&테이블웨어
A02,1607,온라인조리용기,조리용기,쿠킹&테이블웨어
A02,1608,보조조리도구,조리도구,쿠킹&테이블웨어
A02,1609,주방가위,조리도구,쿠킹&테이블웨어
A02,1610,식과도,조리도구,쿠킹&테이블웨어
A02,1611,도마,조리도구,쿠킹&테이블웨어
A02,1612,쟁반,조리도구,쿠킹&테이블웨어
A02,1613,체/바구니,조리도구,쿠킹&테이블웨어
A02,1614,물병,음식저장/보관,주방잡화
A02,1615,밀폐용기,음식저장/보관,주방잡화
A02,1616,저장병,음식저장/보관,주방잡화
A02,1617,캠핑키친용품,야외/시즌용품,주방잡화
A02,1618,일회용품,야외/시즌용품,주방잡화
A02,1619,여름시즌용품,야외/시즌용품,주방잡화
A02,1620,다이소,균일가,주방잡화
A02,1621,믹서기,주방가전,가전
A02,1622,토스터기,주방가전,가전
A02,1623,다리미,주방가전,가전
A02,1624,이미용기,주방가전,가전
A02,1625,전기요/장판,시즌/건강가전,가전
A02,1626,건강가전,시즌/건강가전,가전
A02,1627,휴지통,휴지통,청소/수납용품
A01,1,우육,육류,식품
A01,2,돈육,육류,식품
A01,3,계육,육류,식품
A01,4,갈비세트,육류,식품
A01,5,정육세트,육류,식품
A01,6,수입육,육류,식품
A01,7,양념육,육류,식품
A01,8,햄,축산가공,식품
A01,9,유제품,축산가공,식품
A01,10,화과자,축산가공,식품
A01,11,햄세트,축산가공,식품
A01,12,한식델리,가공식품,식품
A01,13,일식델리,가공식품,식품
A01,14,서양델리,가공식품,식품
A01,15,디저트류,차/커피,식품
A01,16,에스닉푸드,가공식품,식품
A01,17,중식델리,가공식품,식품
A01,18,청과,농산물,식품
A01,19,채소,농산물,식품
A01,20,유기농채소,농산물,식품
A01,21,농산가공,농산물,식품
A01,22,건과,농산물,식품
A01,23,선식(가루류),농산물,식품
A01,24,곡물,농산물,식품
A01,25,농산단기행사,농산물,식품
A01,26,청과세트,농산물,식품
A01,27,건과세트,농산물,식품
A01,28,곶감/송이세트,농산물,식품
A01,29,수삼/더덕세트,농산물,식품
A01,30,친환경세트,농산물,식품
A01,31,생선,수산품,식품
A01,32,회,수산품,식품
A01,33,건생선,수산품,식품
A01,34,기타생선,수산품,식품
A01,35,냉동식품,수산품,식품
A01,36,굴비류,수산품,식품
A01,37,멸치류,수산품,식품
A01,39,김류,수산품,식품
A02,542,즉석김,즉석구이김,김
A02,543,즉석김자반,즉석구이김,김
A02,544,유아잡화,BABY/INFANT,완구
A02,545,기능성충전재,수예소품,수예소품/커튼
A02,546,소품베개,수예소품,수예소품/커튼
A02,547,솜,수예소품,수예소품/커튼
A02,548,수납수예,수예소품,수예소품/커튼
A02,549,수예커버,수예소품,수예소품/커튼
A02,550,앞치마/장갑,수예소품,수예소품/커튼
A02,551,우모충전재,수예소품,수예소품/커튼
A02,552,커튼소품,커튼류,수예소품/커튼
A02,553,담요,수예시즌,수예소품/커튼
A02,554,시즌침구,수예시즌,수예소품/커튼
A02,555,온라인수예시즌,수예시즌,수예소품/커튼
A02,556,이벤트수예,수예시즌,수예소품/커튼
A02,557,디즈니,GIRLS,완구
A02,558,취미/DIY,GIRLS,완구
A02,559,달러존,SPORTS/OUTDOOR,완구
A02,560,디자인엔,브랜드침구,침구
A02,561,룸베이,브랜드침구,침구
A02,562,메종디오르,브랜드침구,침구
A02,563,바니루이스,브랜드침구,침구
A02,564,브랜드성인침구3,브랜드침구,침구
A02,565,애슐리까사,브랜드침구,침구
A02,566,일반성인침구,성인침구,침구
A02,567,공예용품,미술용품,문구
A02,568,물감류,미술용품,문구
A02,569,색연필/파스텔,미술용품,문구
A02,570,서예용품,미술용품,문구
A02,571,스케치북/종합장,미술용품,문구
A02,572,싸인펜,미술용품,문구
A02,573,채색도구,미술용품,문구
A02,574,크레파스,미술용품,문구
A02,575,교구류,교육보조재,문구
A02,576,만들기용품,교육보조재,문구
A02,577,온라인교육보조재,교육보조재,문구
A02,578,피아노,교육보조재,문구
A02,579,학습악기류,교육보조재,문구
A02,580,파우치/가방,파티/팬시,문구
A02,581,파티용품,파티/팬시,문구
A02,582,패션스티커,파티/팬시,문구
A02,583,팬시스티커,파티/팬시,문구
A02,584,팬시용품,파티/팬시,문구
A02,585,편지/카드,파티/팬시,문구
A02,586,포장용품,파티/팬시,문구
A02,587,수첩메모,노트,문구
A02,588,일반노트,노트,문구
A02,589,초등노트,노트,문구
A02,590,계절시즌행사,시즌행사,문구
A02,591,기타시즌행사,시즌행사,문구
A02,592,크리스마스용품,시즌행사,문구
A02,593,아동서적,서적,"서적,음반"
A02,594,유아서적,서적,"서적,음반"
A02,595,일반서적,서적,"서적,음반"
A02,596,참고서/수험서,서적,"서적,음반"
A02,597,퍼즐,서적,"서적,음반"
A02,598,영상,음반영상,"서적,음반"
A02,599,음반,음반영상,"서적,음반"
A02,600,보드게임,EDUCATION 1,완구
A02,601,블럭,EDUCATION 1,완구
A02,602,퍼즐,EDUCATION 1,완구
A02,603,과학교구,EDUCATION 2,완구
A02,604,미술용품,EDUCATION 2,완구
A02,605,아동서적,EDUCATION 2,완구
A02,606,일반교육,EDUCATION 2,완구
A02,607,전자지능개발,EDUCATION 2,완구
A02,608,창작용품,EDUCATION 2,완구
A02,609,학용품,EDUCATION 2,완구
A02,610,액션피겨,BOYS 1,완구
A02,611,조립/프라모델,BOYS 1,완구
A02,612,건전지,BOYS 2,완구
A02,613,무선조종,BOYS 2,완구
A02,614,미니기차,BOYS 2,완구
A02,615,미니자동차,BOYS 2,완구
A02,616,코스튬/롤플레잉,BOYS 2,완구
A02,617,키덜트/콜렉션,BOYS 2,완구
A02,618,덴탈비식품,덴탈케어,애완원예용품
A02,619,덴탈식품,덴탈케어,애완원예용품
A02,620,고양이간식,고양이용품,애완원예용품
A02,621,고양이건식사료,고양이용품,애완원예용품
A02,622,고양이잡화,고양이용품,애완원예용품
A02,623,배변용품,고양이용품,애완원예용품
A02,624,고양이습식사료,고양이용품,애완원예용품
A02,625,캣타워/장난감,고양이용품,애완원예용품
A02,626,미용,동물병원,애완원예용품
A02,627,분양,동물병원,애완원예용품
A02,628,진료,동물병원,애완원예용품
A02,629,처방사료,동물병원,애완원예용품
A02,630,호텔,동물병원,애완원예용품
A02,631,훈련,동물병원,애완원예용품
A02,632,곤충,수족관용품,애완원예용품
A02,633,곤충용품,수족관용품,애완원예용품
A02,634,관상어,수족관용품,애완원예용품
A02,635,관상어용품,수족관용품,애완원예용품
A02,636,관상조,수족관용품,애완원예용품
A02,637,관상조용품,수족관용품,애완원예용품
A02,638,소동물,수족관용품,애완원예용품
A02,639,소동물용품,수족관용품,애완원예용품
A02,640,어항세트,수족관용품,애완원예용품
A02,642,실내DIY용품,교환/보수용품,자동차용품
A02,643,실내편의용품,교환/보수용품,자동차용품
A02,644,에어컨필터,교환/보수용품,자동차용품
A02,645,오일/첨가제,교환/보수용품,자동차용품
A02,646,와이퍼,교환/보수용품,자동차용품
A02,647,워셔액,교환/보수용품,자동차용품
A02,648,자동차보수용품,교환/보수용품,자동차용품
A02,649,자동차소모품,교환/보수용품,자동차용품
A02,650,자동차제설용품,교환/보수용품,자동차용품
A02,651,페인트류,교환/보수용품,자동차용품
A02,652,세차도구,세차용품,자동차용품
A02,653,세차케미칼류,세차용품,자동차용품
A02,654,자동차방향제,자동차방향제/소취제,자동차용품
A02,655,자동차소취제,자동차방향제/소취제,자동차용품
A02,656,미러류,자동차 편의용품,자동차용품
A02,657,실내수납용품,자동차 편의용품,자동차용품
A02,658,실내편의용품,자동차 편의용품,자동차용품
A02,659,쿠션류,자동차 편의용품,자동차용품
A02,660,핸들커버,자동차 편의용품,자동차용품
A02,661,햇빛차단용품,자동차 편의용품,자동차용품
A02,662,걸이형장식품,자동차장식용품,자동차용품
A02,663,실내수납용품,자동차장식용품,자동차용품
A02,664,거치대,휴대폰용품,자동차용품
A02,665,기타케이블,휴대폰용품,자동차용품
A02,666,충전기,휴대폰용품,자동차용품
A02,667,핸즈프리용품,휴대폰용품,자동차용품
A02,668,휴대폰기타용품,휴대폰용품,자동차용품
A02,669,소형가전,장착용품,자동차용품
A02,670,외부액세서리,장착용품,자동차용품
A02,671,걸레/청소포,밀대/걸레,청소/수납용품
A02,672,밀대청소기,밀대/걸레,청소/수납용품
A02,673,빗자루/쓰레받이,밀대/걸레,청소/수납용품
A02,674,무세제크리너,청소편의도구,청소/수납용품
A02,675,청소용솔,청소편의도구,청소/수납용품
A02,676,청소편의용품,청소편의도구,청소/수납용품
